Player,Pos,Squad,Age,Club,Born,MP,Starts,Min,90s,Gls,Ast,G+A,G-PK,PK,PKatt,CrdY,CrdR,Gls.1,Ast.1,G+A.1,G-PK.1,G+A-PK,-9999,age_exact,position,starts,minutes,squad
Brenden Aaronson,MF,us USA,25,1.eng Leeds United,2000,1,1,76,0.8,0,0,0,0,0,0,0,0,0.0,0.0,0.0,0.0,0.0,5bc43860,25.0,MF,1,76,USA
Thelo Aasgaard,MF,no Norway,24,1.sct Rangers,2002,1,1,90,1.0,1,0,1,1,0,0,0,0,1.0,0.0,1.0,1.0,1.0,c88a28b9,24.0,MF,1,90,Norway
Mohamed Abdelmonem,DF,eg Egypt,27,1.fr Nice,1999,2,1,14,0.2,0,0,0,0,0,0,0,0,0.0,0.0,0.0,0.0,0.0,bff15d74,27.0,DF,1,14,Egypt
Ali Abdi,DF,tn Tunisia,32,1.fr Nice,1993,3,3,269,3.0,0,0,0,0,0,0,0,0,0.0,0.0,0.0,0.0,0.0,ad7cdb35,32.0,DF,3,269,Tunisia
Saud Abdulhamid,DF,sa Saudi Arabia,26,1.fr Lens,1999,3,3,269,3.0,0,0,0,0,0,0,1,0,0.0,0.0,0.0,0.0,0.0,caa254e4,26.0,DF,3,269,Saudi Arabia
Abdulla Abdullaev,DF,uz Uzbekistan,28,1.ae Dibba Al Fujairah,1997,2,2,180,2.0,0,0,0,0,0,0,0,0,0.0,0.0,0.0,0.0,0.0,03053fbf,28.0,DF,2,180,Uzbekistan
Yusuf Abdurisag,FW,qa Qatar,26,1.qa Al-Wakrah,1999,2,2,98,1.1,0,0,0,0,0,0,0,0,0.0,0.0,0.0,0.0,0.0,13c8f40b,26.0,FW,2,98,Qatar
Husam Abu Dahab,DF,jo Jordan,26,1.kw Al-Salmiya SC,2000,2,2,178,2.0,0,0,0,0,0,0,1,0,0.0,0.0,0.0,0.0,0.0,300aaeb6,26.0,DF,2,178,Jordan
Mohannad Abu Taha,DF,jo Jordan,23,1.iq Al-Quwa Al-Jawiya,2003,3,3,264,2.9,0,0,0,0,0,0,1,0,0.0,0.0,0.0,0.0,0.0,5c4bac6c,23.0,DF,3,264,Jordan
Mo Abualnadi,DF,jo Jordan,25,1.my Selangor FA,2001,1,1,71,0.8,0,0,0,0,0,0,0,0,0.0,0.0,0.0,0.0,0.0,4bff62e4,25.0,DF,1,71,Jordan
Yazeed Abulaila,GK,jo Jordan,33,1.jo Al-Hussein SC,1993,3,3,270,3.0,0,0,0,0,0,0,0,0,0.0,0.0,0.0,0.0,0.0,5d11fc17,33.0,GK,3,270,Jordan
Mahmoud Abunada,GK,qa Qatar,26,1.qa Al Rayyan SC,2000,3,3,270,3.0,0,0,0,0,0,0,1,0,0.0,0.0,0.0,0.0,0.0,27e7e545,26.0,GK,3,270,Qatar
Ché Adams,FW,sct Scotland,29,1.it Torino,1996,3,2,145,1.6,0,0,0,0,0,0,0,0,0.0,0.0,0.0,0.0,0.0,f2bf1b0f,29.0,FW,2,145,Scotland
Jayden Adams,MF,za South Africa,25,1.za Sundowns,2001,3,2,116,1.3,0,0,0,0,0,0,0,0,0.0,0.0,0.0,0.0,0.0,259affab,25.0,MF,2,116,South Africa
Tyler Adams,MF,us USA,27,1.eng Bournemouth,1999,4,4,341,3.8,0,0,0,0,0,0,1,0,0.0,0.0,0.0,0.0,0.0,2b09d998,27.0,MF,4,341,USA
Ricardo Adé,DF,ht Haiti,36,1.ec LDU Quito,1990,3,3,270,3.0,0,0,0,0,0,0,0,0,0.0,0.0,0.0,0.0,0.0,a9ee5e81,36.0,DF,3,270,Haiti
Jonas Adjetey,DF,gh Ghana,22,1.de Wolfsburg,2003,3,3,225,2.5,0,0,0,0,0,0,0,0,0.0,0.0,0.0,0.0,0.0,bdbf78cd,22.0,DF,3,225,Ghana
Michel Aebischer,MFFW,ch Switzerland,29,1.it Pisa,1997,4,2,156,1.7,0,0,0,0,0,0,0,0,0.0,0.0,0.0,0.0,0.0,f9c927de,29.0,MF,2,156,Switzerland
Akram Afif,FWMF,qa Qatar,29,1.qa Al Sadd,1996,3,3,238,2.6,0,0,0,0,0,0,0,0,0.0,0.0,0.0,0.0,0.0,fd53d9e7,29.0,FW,3,238,Qatar
Emmanuel Agbadou,DF,ci Côte d'Ivoire,28,1.tr Beşiktaş,1997,3,3,270,3.0,0,0,0,0,0,0,0,0,0.0,0.0,0.0,0.0,0.0,75f1ed80,28.0,DF,3,270,Côte d'Ivoire
Ali Ahmed,MF,ca Canada,25,2.eng Norwich City,2000,4,3,234,2.6,0,0,0,0,0,0,0,0,0.0,0.0,0.0,0.0,0.0,540a5be1,25.0,MF,3,234,Canada
Homam Ahmed,DF,qa Qatar,26,2.es Cultural Leonesa,1999,2,2,122,1.4,0,1,1,0,0,0,0,1,0.0,0.74,0.74,0.0,0.74,a62fa158,26.0,DF,2,122,Qatar
Rayan Aït-Nouri,DF,dz Algeria,25,1.eng Manchester City,2001,4,3,284,3.2,0,0,0,0,0,0,0,0,0.0,0.0,0.0,0.0,0.0,9b398aea,25.0,DF,3,284,Algeria
Kristoffer Ajer,DF,no Norway,28,1.eng Brentford,1998,5,5,480,5.3,0,0,0,0,0,0,1,0,0.0,0.0,0.0,0.0,0.0,a8c0acb7,28.0,DF,5,480,Norway
Manuel Akanji,DF,ch Switzerland,30,1.it Inter,1995,6,6,600,6.7,0,0,0,0,0,0,0,0,0.0,0.0,0.0,0.0,0.0,89ac64a6,30.0,DF,6,600,Switzerland
Nathan Aké,DF,nl Netherlands,31,1.eng Manchester City,1995,3,2,170,1.9,0,0,0,0,0,0,0,0,0.0,0.0,0.0,0.0,0.0,eaeca114,31.0,DF,2,170,Netherlands
Yunus Akgün,MF,tr Türkiye,25,1.tr Galatasaray,2000,2,1,88,1.0,0,0,0,0,0,0,1,0,0.0,0.0,0.0,0.0,0.0,1453e3cf,25.0,MF,1,88,Türkiye
Kerem Aktürkoğlu,FW,tr Türkiye,27,1.tr Fenerbahçe,1998,2,2,129,1.4,0,0,0,0,0,0,0,0,0.0,0.0,0.0,0.0,0.0,f28659fb,27.0,FW,2,129,Türkiye
David Alaba,DF,at Austria,33,1.es Real Madrid,1992,4,4,275,3.1,0,1,1,0,0,0,0,0,0.0,0.33,0.33,0.0,0.33,05439de2,33.0,DF,4,275,Austria
Kerim Alajbegović,MF,ba Bosnia–Herz,18,1.at RB Salzburg,2007,4,3,277,3.1,1,0,1,1,0,0,0,0,0.32,0.0,0.32,0.32,0.32,f3d9291e,18.0,MF,3,277,Bosnia–Herz
Jordy Alcivar,MF,ec Ecuador,26,1.ec Independiente,1999,1,1,45,0.5,0,0,0,0,0,0,1,0,0.0,0.0,0.0,0.0,0.0,6e98c19f,26.0,MF,1,45,Ecuador
Omar Alderete,DF,py Paraguay,29,1.eng Sunderland,1996,4,4,320,3.6,0,0,0,0,0,0,0,0,0.0,0.0,0.0,0.0,0.0,bb08bce9,29.0,DF,4,320,Paraguay
Hussein Ali,DF,iq Iraq,24,1.pl Pogoń Szczecin,2002,2,2,162,1.8,0,0,0,0,0,0,0,0,0.0,0.0,0.0,0.0,0.0,b8a919ad,24.0,DF,2,162,Iraq
Khojiakbar Alijonov,MF,uz Uzbekistan,29,1.uz Pakhtakor Tashkent FK,1997,2,1,135,1.5,0,0,0,0,0,0,0,0,0.0,0.0,0.0,0.0,0.0,e53cbd7a,29.0,MF,1,135,Uzbekistan
Alisson,GK,br Brazil,33,1.eng Liverpool,1992,5,5,450,5.0,0,0,0,0,0,0,0,0,0.0,0.0,0.0,0.0,0.0,7a2e46a8,33.0,GK,5,450,Brazil
Thiago Almada,MF,ar Argentina,25,1.es Atlético Madrid,2001,5,3,241,2.7,0,0,0,0,0,0,1,0,0.0,0.0,0.0,0.0,0.0,27f33438,25.0,MF,3,241,Argentina
Miguel Almirón,MFFW,py Paraguay,32,1.us Atlanta Utd,1994,4,4,282,3.1,0,0,0,0,0,0,1,1,0.0,0.0,0.0,0.0,0.0,862a1c15,32.0,MF,4,282,Paraguay
Júnior Alonso,DF,py Paraguay,33,1.br Atlético Mineiro,1993,5,4,390,4.3,0,0,0,0,0,0,1,0,0.0,0.0,0.0,0.0,0.0,b18a3023,33.0,DF,4,390,Paraguay
Barış Alper Yılmaz,MFFW,tr Türkiye,26,1.tr Galatasaray,2000,3,2,179,2.0,1,1,2,1,0,0,0,0,0.5,0.5,1.01,0.5,1.01,414b2ce4,26.0,MF,2,179,Türkiye
Roberto Alvarado,FWMF,mx Mexico,27,1.mx Guadalajara,1998,5,5,428,4.8,0,3,3,0,0,0,0,0,0.0,0.63,0.63,0.0,0.63,ff871e14,27.0,FW,5,428,Mexico
Edson Álvarez,MFDF,mx Mexico,28,1.eng West Ham,1997,4,2,240,2.7,0,0,0,0,0,0,1,0,0.0,0.0,0.0,0.0,0.0,8b3ab7ad,28.0,MF,2,240,Mexico
Julián Álvarez,FW,ar Argentina,26,1.es Atlético Madrid,2000,8,5,602,6.7,1,0,1,1,0,0,0,0,0.15,0.0,0.15,0.15,0.15,15ab5a2b,26.0,FW,5,602,Argentina
Michael Amir Murillo,DFMF,pa Panama,30,1.tr Beşiktaş,1996,3,3,270,3.0,0,0,0,0,0,0,0,0,0.0,0.0,0.0,0.0,0.0,349cae8f,30.0,DF,3,270,Panama
Amir Al Ammari,MF,iq Iraq,28,1.pl Cracovia,1997,3,3,247,2.7,0,1,1,0,0,0,2,0,0.0,0.36,0.36,0.0,0.36,9f65be73,28.0,MF,3,247,Iraq
Sofyan Amrabat,MF,ma Morocco,29,1.es Real Betis,1996,3,1,147,1.6,0,0,0,0,0,0,0,0,0.0,0.0,0.0,0.0,0.0,5a2cb25d,29.0,MF,1,147,Morocco
Abdulelah Al-Amri,DF,sa Saudi Arabia,29,,1997,3,3,239,2.7,1,0,1,1,0,0,1,0,0.38,0.0,0.38,0.38,0.38,fd0affe3,29.0,DF,3,239,Saudi Arabia
Elliot Anderson,MF,eng England,23,1.eng Nottingham,2002,8,7,632,7.0,0,1,1,0,0,0,1,0,0.0,0.14,0.14,0.0,0.14,de31038e,23.0,MF,7,632,England
Andrés Andrade Cedeño,DF,pa Panama,27,1.at LASK,1998,3,3,270,3.0,0,0,0,0,0,0,1,0,0.0,0.0,0.0,0.0,0.0,6ea23758,27.0,DF,3,270,Panama
Fredrik André Bjørkan,DF,no Norway,27,1.no Bodø/Glimt,1998,1,1,45,0.5,0,0,0,0,0,0,0,0,0.0,0.0,0.0,0.0,0.0,3724baa1,27.0,DF,1,45,Norway
Nilson Angulo,MF,ec Ecuador,22,1.eng Sunderland,2003,4,2,218,2.4,1,0,1,1,0,0,0,0,0.41,0.0,0.41,0.41,0.41,a9b9d89c,22.0,MF,2,218,Ecuador
Houssem Aouar,MF,dz Algeria,27,1.sa Al-Ittihad,1998,3,2,173,1.9,0,2,2,0,0,0,0,0,0.0,1.04,1.04,0.0,1.04,a5db0bec,27.0,MF,2,173,Algeria
Oswin Appollis,MFFW,za South Africa,24,1.za Orlando Pirates,2001,4,3,255,2.8,0,0,0,0,0,0,0,0,0.0,0.0,0.0,0.0,0.0,e8933eb0,24.0,MF,3,255,South Africa
Yazan Al-Arab,DF,jo Jordan,30,1.kr FC Seoul,1996,3,3,270,3.0,0,0,0,0,0,0,1,0,0.0,0.0,0.0,0.0,0.0,32878a09,30.0,DF,3,270,Jordan
Maxi Araújo,FWMF,uy Uruguay,26,1.pt Sporting CP,2000,3,3,250,2.8,2,1,3,2,0,0,0,0,0.72,0.36,1.08,0.72,1.08,f9ab3f4a,26.0,FW,3,250,Uruguay
Tomás Araújo,DF,pt Portugal,24,1.pt Benfica,2002,1,1,90,1.0,0,0,0,0,0,0,1,0,0.0,0.0,0.0,0.0,0.0,0fa11d7d,24.0,DF,1,90,Portugal
Telmo Arcanjo,MF,cv Cabo Verde,24,1.pt Vit. Guimarães,2001,2,1,57,0.6,0,0,0,0,0,0,0,0,0.0,0.0,0.0,0.0,0.0,c692cef2,24.0,MF,1,57,Cabo Verde
Carlens Arcus,MFDF,ht Haiti,29,1.fr Angers,1996,3,2,146,1.6,0,0,0,0,0,0,1,0,0.0,0.0,0.0,0.0,0.0,5e837126,29.0,MF,2,146,Haiti
Jhon Arias,MF,co Colombia,28,1.br Palmeiras,1997,5,5,377,4.2,1,0,1,1,0,0,1,0,0.24,0.0,0.24,0.24,0.24,86d96066,28.0,MF,5,377,Colombia
Santiago Arias,DF,co Colombia,34,1.ar Independiente,1992,1,1,86,1.0,0,0,0,0,0,0,0,0,0.0,0.0,0.0,0.0,0.0,fdd60087,34.0,DF,1,86,Colombia
Marko Arnautović,FW,at Austria,37,1.rs Red Star,1989,4,1,144,1.6,2,0,2,1,1,1,1,0,1.25,0.0,1.25,0.62,0.62,00459419,37.0,FW,1,144,Austria
Benjamin Asare,GK,gh Ghana,33,1.gh Accra Hearts of Oak,1992,3,2,225,2.5,0,0,0,0,0,0,0,0,0.0,0.0,0.0,0.0,0.0,4bb65492,33.0,GK,2,225,Ghana
Emam Ashour,MF,eg Egypt,28,1.eg Al Ahly,1998,5,5,362,4.0,2,0,2,2,0,0,0,0,0.5,0.0,0.5,0.5,0.5,31b7d437,28.0,MF,5,362,Egypt
Rustam Ashurmatov,DF,uz Uzbekistan,29,1.ir Esteghlal,1996,3,3,256,2.8,0,0,0,0,0,0,0,0,0.0,0.0,0.0,0.0,0.0,a0ecd397,29.0,DF,3,256,Uzbekistan
Lawrence Ati-Zigi,GK,gh Ghana,29,1.ch St. Gallen,1996,2,2,135,1.5,0,0,0,0,0,0,0,0,0.0,0.0,0.0,0.0,0.0,a12402c3,29.0,GK,2,135,Ghana
Marwan Attia,MF,eg Egypt,27,1.eg Al Ahly,1998,5,4,434,4.8,0,1,1,0,0,0,2,0,0.0,0.21,0.21,0.0,0.21,1ea3d7ec,27.0,MF,4,434,Egypt
Fredrik Aursnes,MFDF,no Norway,30,1.pt Benfica,1995,6,3,304,3.4,0,0,0,0,0,0,0,0,0.0,0.0,0.0,0.0,0.0,f0677ed7,30.0,MF,3,304,Norway
Gabriel Ávalos,FW,py Paraguay,35,1.ar Independiente,1990,4,2,141,1.6,0,0,0,0,0,0,0,0,0.0,0.0,0.0,0.0,0.0,b6781b67,35.0,FW,2,141,Paraguay
Yasin Ayari,MF,se Sweden,22,1.eng Brighton,2003,4,4,339,3.8,2,0,2,2,0,0,1,0,0.53,0.0,0.53,0.53,0.53,f173303a,22.0,MF,4,339,Sweden
Oğuz Aydın,DF,tr Türkiye,25,1.tr Fenerbahçe,2000,1,1,89,1.0,0,0,0,0,0,0,0,0,0.0,0.0,0.0,0.0,0.0,a7b98226,25.0,DF,1,89,Türkiye
Jordan Ayew,FW,gh Ghana,34,2.eng Leicester City,1991,4,4,300,3.3,0,0,0,0,0,0,0,0,0.0,0.0,0.0,0.0,0.0,da052c14,34.0,FW,4,300,Ghana
Neil El Aynaoui,MF,ma Morocco,24,1.it Roma,2001,6,6,562,6.2,0,0,0,0,0,0,0,0,0.0,0.0,0.0,0.0,0.0,17e1261b,24.0,MF,6,562,Morocco
Ali Azaizeh,MF,jo Jordan,22,1.sa Al-Shabab,2004,3,1,54,0.6,0,0,0,0,0,0,0,0,0.0,0.0,0.0,0.0,0.0,3a46ac67,22.0,MF,1,54,Jordan
Juninho Bacuna,MF,cw Curaçao,28,1.nl Volendam,1997,3,3,254,2.8,0,0,0,0,0,0,2,0,0.0,0.0,0.0,0.0,0.0,aaf1bf05,28.0,MF,3,254,Curaçao
Leandro Bacuna,MF,cw Curaçao,34,2.tr 76 Iğdır Belediyespor,1991,3,3,270,3.0,0,0,0,0,0,0,1,0,0.0,0.0,0.0,0.0,0.0,9dc69d38,34.0,MF,3,270,Curaçao
Álex Baena,MFFW,es Spain,24,1.es Atlético Madrid,2001,7,7,481,5.3,1,1,2,1,0,0,1,0,0.19,0.19,0.37,0.19,0.37,518f2234,24.0,MF,7,481,Spain
Esmir Bajraktarevic,MF,ba Bosnia–Herz,21,1.nl PSV,2005,4,2,230,2.6,0,0,0,0,0,0,0,0,0.0,0.0,0.0,0.0,0.0,dff24174,21.0,MF,2,230,Bosnia–Herz
Cédric Bakambu,FW,cd Congo DR,35,1.es Real Betis,1991,3,3,190,2.1,0,0,0,0,0,0,0,0,0.0,0.0,0.0,0.0,0.0,0af4dcf0,35.0,FW,3,190,Congo DR
Folarin Balogun,FW,us USA,24,1.fr Monaco,2001,4,4,312,3.5,3,0,3,3,0,0,1,1,0.87,0.0,0.87,0.87,0.87,31822f8c,24.0,FW,4,312,USA
Yoel Bárcenas,MF,pa Panama,32,1.mx Mazatlán,1993,3,3,249,2.8,0,0,0,0,0,0,1,0,0.0,0.0,0.0,0.0,0.0,b39849eb,32.0,MF,3,249,Panama
Bradley Barcola,MF,fr France,23,1.fr PSG,2002,8,4,384,4.3,3,1,4,3,0,0,1,0,0.7,0.23,0.94,0.7,0.94,a0d55a09,23.0,MF,4,384,France
Abdülkerim Bardakcı,DF,tr Türkiye,31,1.tr Galatasaray,1994,3,3,265,2.9,0,0,0,0,0,0,0,0,0.0,0.0,0.0,0.0,0.0,5d9cff53,31.0,DF,3,265,Türkiye
Ivan Bašić,MF,ba Bosnia–Herz,24,1.kz FC Astana,2002,3,2,179,2.0,0,1,1,0,0,0,0,0,0.0,0.5,0.5,0.0,0.5,9b0a0d51,24.0,MF,2,179,Bosnia–Herz
Ahmed Basil,GK,iq Iraq,29,1.iq Al-Shorta,1996,2,2,135,1.5,0,0,0,0,0,0,0,0,0.0,0.0,0.0,0.0,0.0,3bf9e631,29.0,GK,2,135,Iraq
Martin Baturina,MFFW,hr Croatia,23,1.it Como,2003,4,4,321,3.6,1,0,1,1,0,0,0,0,0.28,0.0,0.28,0.28,0.28,d1eda5f0,23.0,MF,4,321,Croatia
Ibrahim Bayesh,MFFW,iq Iraq,26,1.ae Al Dhafra SCC,2000,3,3,235,2.6,0,0,0,0,0,0,0,0,0.0,0.0,0.0,0.0,0.0,2f2003ba,26.0,MF,3,235,Iraq
Riechedly Bazoer,DF,cw Curaçao,29,1.tr Konyaspor,1996,1,1,90,1.0,0,0,0,0,0,0,0,0,0.0,0.0,0.0,0.0,0.0,da59a197,29.0,DF,1,90,Curaçao
Patrick Beach,GK,au Australia,22,1.au Melb City,2003,4,4,388,4.3,0,0,0,0,0,0,0,0,0.0,0.0,0.0,0.0,0.0,3cc64624,22.0,GK,4,388,Australia
Aziz Behich,MF,au Australia,35,1.au Melb City,1990,3,2,217,2.4,0,0,0,0,0,0,0,0,0.0,0.0,0.0,0.0,0.0,b6867b96,35.0,MF,2,217,Australia
Alireza Beiranvand,GK,ir IR Iran,33,1.ir Tractor,1992,3,3,270,3.0,0,0,0,0,0,0,0,0,0.0,0.0,0.0,0.0,0.0,6ca0b04a,33.0,GK,3,270,IR Iran
Rafik Belghali,DF,dz Algeria,24,1.it Hellas Verona,2002,4,4,331,3.7,1,0,1,1,0,0,0,0,0.27,0.0,0.27,0.27,0.27,0abcb968,24.0,DF,4,331,Algeria
Joe Bell,MF,nz New Zealand,27,1.no Viking,1999,3,3,243,2.7,0,0,0,0,0,0,0,0,0.0,0.0,0.0,0.0,0.0,7825847e,27.0,MF,3,243,New Zealand
Jean-Ricner Bellegarde,MF,ht Haiti,27,1.eng Wolves,1998,3,3,260,2.9,0,0,0,0,0,0,1,0,0.0,0.0,0.0,0.0,0.0,10f0fdd3,27.0,MF,3,260,Haiti
Jude Bellingham,MF,eng England,22,1.es Real Madrid,2003,8,7,614,6.8,7,1,8,7,0,0,1,0,1.03,0.15,1.17,1.03,1.17,57d88cf9,22.0,MF,7,614,England
Anis Ben Slimane,MFFW,tn Tunisia,25,2.eng Norwich City,2001,3,3,240,2.7,0,0,0,0,0,0,0,0,0.0,0.0,0.0,0.0,0.0,9ade9ce1,25.0,MF,3,240,Tunisia
Oussama Benbot,GK,dz Algeria,31,1.dz USM Alger,1994,1,1,90,1.0,0,0,0,0,0,0,0,0,0.0,0.0,0.0,0.0,0.0,dcae580c,31.0,GK,1,90,Algeria
Gilson Benchimol,FW,cv Cabo Verde,24,1.ru Akron Tolyatti,2001,2,1,78,0.9,0,0,0,0,0,0,0,0,0.0,0.0,0.0,0.0,0.0,eae26fce,24.0,FW,1,78,Cabo Verde
Ramy Bensebaini,DF,dz Algeria,31,1.de Dortmund,1995,4,4,360,4.0,0,0,0,0,0,0,0,0,0.0,0.0,0.0,0.0,0.0,378825c7,31.0,DF,4,360,Algeria
Nabil Bentaleb,MF,dz Algeria,31,1.fr Lille,1994,4,3,285,3.2,0,0,0,0,0,0,0,0,0.0,0.0,0.0,0.0,0.0,3189f61a,31.0,MF,3,285,Algeria
Rodrigo Bentancur,MF,uy Uruguay,28,1.eng Tottenham,1997,3,3,270,3.0,0,0,0,0,0,0,1,0,0.0,0.0,0.0,0.0,0.0,3b8674e6,28.0,MF,3,270,Uruguay
Patrick Berg,MF,no Norway,28,1.no Bodø/Glimt,1997,6,4,445,4.9,0,2,2,0,0,0,1,0,0.0,0.4,0.4,0.0,0.4,e4114f5d,28.0,MF,4,445,Norway
Sander Berge,MF,no Norway,28,1.eng Fulham,1998,5,5,480,5.3,0,0,0,0,0,0,0,0,0.0,0.0,0.0,0.0,0.0,d0b6129f,28.0,MF,5,480,Norway
Lucas Bergvall,MF,se Sweden,20,1.eng Tottenham,2006,4,1,181,2.0,0,1,1,0,0,0,1,0,0.0,0.5,0.5,0.0,0.5,a109e5c8,20.0,MF,1,181,Sweden
Sebastian Berhalter,MF,us USA,25,1.us Vancouver,2001,5,1,187,2.1,1,1,2,1,0,0,1,0,0.48,0.48,0.96,0.48,0.96,f33ee427,25.0,MF,1,187,USA
Alexander Bernhardsson,MF,se Sweden,27,2.de Holstein Kiel,1998,3,3,217,2.4,0,0,0,0,0,0,0,0,0.0,0.0,0.0,0.0,0.0,dea1d183,27.0,MF,3,217,Sweden
Tyler Bindon,DF,nz New Zealand,21,2.eng Sheffield United,2005,3,1,97,1.1,0,0,0,0,0,0,0,0,0.0,0.0,0.0,0.0,0.0,3575e5eb,21.0,DF,1,97,New Zealand
César Blackman,MFDF,pa Panama,28,1.sk Slovan Bratislava,1998,2,2,178,2.0,0,0,0,0,0,0,1,0,0.0,0.0,0.0,0.0,0.0,c2b11050,28.0,MF,2,178,Panama
Damián Bobadilla,MF,py Paraguay,24,1.br São Paulo,2001,4,2,189,2.1,0,0,0,0,0,0,0,0,0.0,0.0,0.0,0.0,0.0,ad7d6437,24.0,MF,2,189,Paraguay
Oscar Bobb,FW,no Norway,22,1.eng Fulham,2003,6,1,225,2.5,0,0,0,0,0,0,0,0,0.0,0.0,0.0,0.0,0.0,eed2427e,22.0,FW,1,225,Norway
Moïse Bombito,DF,ca Canada,26,1.fr Nice,2000,3,2,193,2.1,0,0,0,0,0,0,0,0,0.0,0.0,0.0,0.0,0.0,c2f23fc8,26.0,DF,2,193,Canada
Ange-Yoan Bonny,FW,ci Côte d'Ivoire,22,1.it Inter,2003,4,3,234,2.6,0,0,0,0,0,0,0,0,0.0,0.0,0.0,0.0,0.0,64629ba4,22.0,FW,3,234,Côte d'Ivoire
Jordy Bos,MFDF,au Australia,23,1.nl Feyenoord,2002,4,4,308,3.4,0,0,0,0,0,0,1,0,0.0,0.0,0.0,0.0,0.0,8070a9fd,23.0,MF,4,308,Australia
Ayyoub Bouaddi,MF,ma Morocco,18,1.fr Lille,2007,5,5,381,4.2,0,0,0,0,0,0,0,0,0.0,0.0,0.0,0.0,0.0,8006228f,18.0,MF,5,381,Morocco
Hicham Boudaoui,MF,dz Algeria,26,1.fr Nice,1999,3,2,128,1.4,0,0,0,0,0,0,1,0,0.0,0.0,0.0,0.0,0.0,f9d5908e,26.0,MF,2,128,Algeria
Karim Boudiaf,MF,qa Qatar,35,1.qa Al Duhail SC,1990,2,1,102,1.1,0,0,0,0,0,0,0,0,0.0,0.0,0.0,0.0,0.0,a38f33fd,35.0,MF,1,102,Qatar
Yassine Bounou,GK,ma Morocco,35,1.sa Al-Hilal,1991,6,6,570,6.3,0,0,0,0,0,0,0,0,0.0,0.0,0.0,0.0,0.0,f6798fc3,35.0,GK,6,570,Morocco
Nawaf Boushal,DF,sa Saudi Arabia,26,1.sa Al-Nassr,1999,2,1,91,1.0,0,0,0,0,0,0,0,0,0.0,0.0,0.0,0.0,0.0,7dc1c2c6,26.0,DF,1,91,Saudi Arabia
Michael Boxall,DF,nz New Zealand,37,1.us Minnesota Utd,1988,3,2,207,2.3,0,0,0,0,0,0,0,0,0.0,0.0,0.0,0.0,0.0,6bfa0d3a,37.0,DF,2,207,New Zealand
Sultan Al-Brake,DF,qa Qatar,30,1.qa Al Duhail SC,1996,2,1,141,1.6,0,0,0,0,0,0,0,0,0.0,0.0,0.0,0.0,0.0,fcaa2400,30.0,DF,1,141,Qatar
Joshua Brenet,DF,cw Curaçao,32,1.tr Kayserispor,1994,2,2,179,2.0,0,0,0,0,0,0,0,0,0.0,0.0,0.0,0.0,0.0,2b5527c4,32.0,DF,2,179,Curaçao
Brian Brobbey,FW,nl Netherlands,24,1.eng Sunderland,2002,4,3,223,2.5,3,0,3,3,0,0,0,0,1.21,0.0,1.21,1.21,1.21,4c184730,24.0,FW,3,223,Netherlands
Dylan Bronn,DF,tn Tunisia,30,1.ch Servette FC,1995,1,1,45,0.5,0,0,0,0,0,0,0,0,0.0,0.0,0.0,0.0,0.0,edd81e2a,30.0,DF,1,45,Tunisia
Nathaniel Brown,DF,de Germany,22,1.de Frankfurt,2003,3,3,282,3.1,1,1,2,1,0,0,0,0,0.32,0.32,0.64,0.32,0.64,abc79c47,22.0,DF,3,282,Germany
Tajon Buchanan,MF,ca Canada,27,1.es Villarreal,1999,5,5,376,4.2,0,0,0,0,0,0,0,0,0.0,0.0,0.0,0.0,0.0,3aca6420,27.0,MF,5,376,Canada
Ante Budimir,FW,hr Croatia,34,1.es Osasuna,1991,3,2,155,1.7,1,0,1,1,0,0,0,0,0.58,0.0,0.58,0.58,0.58,8f3565b3,34.0,FW,2,155,Croatia
Firas Al-Buraikan,FW,sa Saudi Arabia,26,1.sa Al-Ahli,2000,3,3,238,2.6,0,0,0,0,0,0,1,0,0.0,0.0,0.0,0.0,0.0,ac717a23,26.0,FW,3,238,Saudi Arabia
Cameron Burgess,DF,au Australia,30,2.eng Swansea City,1995,2,2,135,1.5,0,0,0,0,0,0,0,0,0.0,0.0,0.0,0.0,0.0,da61ca98,30.0,DF,2,135,Australia
Jovane Cabral,FW,cv Cabo Verde,28,1.pt Estrela,1998,2,2,139,1.5,0,0,0,0,0,0,0,0,0.0,0.0,0.0,0.0,0.0,e34e086c,28.0,FW,2,139,Cabo Verde
Liberato Cacace,DF,nz New Zealand,25,2.eng Wrexham,2000,3,3,220,2.4,0,0,0,0,0,0,0,0,0.0,0.0,0.0,0.0,0.0,dd86e8e4,25.0,DF,3,220,New Zealand
Juan Cáceres,DF,py Paraguay,26,1.ru Dynamo Moskva,2000,5,5,436,4.8,0,0,0,0,0,0,1,0,0.0,0.0,0.0,0.0,0.0,db887bdf,26.0,DF,5,436,Paraguay
Sebastián Cáceres,DF,uy Uruguay,26,1.mx América,1999,3,3,270,3.0,0,0,0,0,0,0,0,0,0.0,0.0,0.0,0.0,0.0,7091c68e,26.0,DF,3,270,Uruguay
Moisés Caicedo,MF,ec Ecuador,24,1.eng Chelsea,2001,4,4,360,4.0,0,0,0,0,0,0,1,0,0.0,0.0,0.0,0.0,0.0,16264a81,24.0,MF,4,360,Ecuador
Uğurcan Çakır,GK,tr Türkiye,30,1.tr Galatasaray,1996,3,3,270,3.0,0,0,0,0,0,0,0,0,0.0,0.0,0.0,0.0,0.0,f63a8347,30.0,GK,3,270,Türkiye
Hakan Çalhanoğlu,MF,tr Türkiye,32,1.it Inter,1994,2,2,180,2.0,0,0,0,0,0,0,0,0,0.0,0.0,0.0,0.0,0.0,cd0fa27b,32.0,MF,2,180,Türkiye
Lamine Camara,MF,sn Senegal,22,1.fr Monaco,2004,4,3,248,2.8,0,1,1,0,0,0,1,0,0.0,0.36,0.36,0.0,0.36,19c2ffa4,22.0,MF,3,248,Senegal
José Canale,DF,py Paraguay,29,1.ar Lanús,1996,4,1,161,1.8,0,0,0,0,0,0,0,0,0.0,0.0,0.0,0.0,0.0,97d24b73,29.0,DF,1,161,Paraguay
João Cancelo,DF,pt Portugal,32,1.es Barcelona,1994,5,5,312,3.5,0,1,1,0,0,0,0,0,0.0,0.29,0.29,0.0,0.29,bd6351cd,32.0,DF,5,312,Portugal
Agustín Canobbio,FW,uy Uruguay,27,1.br Fluminense,1998,3,2,224,2.5,1,0,1,1,0,0,0,1,0.4,0.0,0.4,0.4,0.4,4f5a2f38,27.0,FW,2,224,Uruguay
Casemiro,MF,br Brazil,34,1.eng Manchester Utd,1992,5,5,379,4.2,1,0,1,1,0,0,2,0,0.24,0.0,0.24,0.24,0.24,4d224fe8,34.0,MF,5,379,Brazil
Josué Casimir,MF,ht Haiti,24,1.fr Auxerre,2001,3,2,182,2.0,0,0,0,0,0,0,1,0,0.0,0.0,0.0,0.0,0.0,481f76cf,24.0,MF,2,182,Haiti
Timothy Castagne,DF,be Belgium,30,1.eng Fulham,1995,6,5,478,5.3,0,1,1,0,0,0,1,0,0.0,0.19,0.19,0.0,0.19,197640fd,30.0,DF,5,478,Belgium
Zeki Çelik,DF,tr Türkiye,29,1.it Roma,1997,2,2,163,1.8,0,0,0,0,0,0,0,0,0.0,0.0,0.0,0.0,0.0,31a62dc7,29.0,DF,2,163,Türkiye
Lukáš Červ,MF,cz Czechia,25,1.cz Viktoria Plzeň,2001,2,2,163,1.8,0,0,0,0,0,0,0,0,0.0,0.0,0.0,0.0,0.0,bb4a41bc,25.0,MF,2,163,Czechia
Fares Chaïbi,MF,dz Algeria,23,1.de Frankfurt,2002,4,4,360,4.0,0,0,0,0,0,0,1,0,0.0,0.0,0.0,0.0,0.0,357103bd,23.0,MF,4,360,Algeria
Štěpán Chaloupek,DF,cz Czechia,23,1.cz Slavia Prague,2003,1,1,90,1.0,0,0,0,0,0,0,0,0,0.0,0.0,0.0,0.0,0.0,ded82b9a,23.0,DF,1,90,Czechia
Mouhib Chamakh,GK,tn Tunisia,24,1.tn Club Africain,2001,1,1,90,1.0,0,0,0,0,0,0,0,0,0.0,0.0,0.0,0.0,0.0,9627f87b,24.0,GK,1,90,Tunisia
Mateo Chávez,DF,mx Mexico,22,1.nl AZ Alkmaar,2004,1,1,77,0.9,1,0,1,1,0,0,0,0,1.17,0.0,1.17,1.17,1.17,f82246a1,22.0,DF,1,77,Mexico
Rayan Cherki,MF,fr France,22,1.eng Manchester City,2003,7,1,130,1.4,0,0,0,0,0,0,0,0,0.0,0.0,0.0,0.0,0.0,b34c63a5,22.0,MF,1,130,France
Mathieu Choinière,MF,ca Canada,27,1.us LAFC,1999,1,1,57,0.6,0,0,0,0,0,0,0,0,0.0,0.0,0.0,0.0,0.0,017459bb,27.0,MF,1,57,Canada
Tahith Chong,MF,cw Curaçao,26,2.eng Sheffield United,1999,3,3,247,2.7,0,0,0,0,0,0,0,0,0.0,0.0,0.0,0.0,0.0,2696b6a9,26.0,MF,3,247,Curaçao
Ryan Christie,MF,sct Scotland,31,1.eng Bournemouth,1995,3,1,95,1.1,0,0,0,0,0,0,1,0,0.0,0.0,0.0,0.0,0.0,26ce2263,31.0,MF,1,95,Scotland
Brian Cipenga,MFFW,cd Congo DR,28,2.es Castellón,1998,2,2,146,1.6,1,0,1,1,0,0,0,0,0.62,0.0,0.62,0.62,0.62,e4787d6f,28.0,MF,2,146,Congo DR
Alessandro Circati,DF,au Australia,22,1.it Parma,2003,4,4,390,4.3,0,0,0,0,0,0,1,0,0.0,0.0,0.0,0.0,0.0,1223765c,22.0,DF,4,390,Australia
Pathé Ciss,DF,sn Senegal,32,1.es Rayo Vallecano,1994,4,1,184,2.0,0,0,0,0,0,0,0,0,0.0,0.0,0.0,0.0,0.0,9a0408b6,32.0,DF,1,184,Senegal
Livano Comenencia,MF,cw Curaçao,22,1.ch Zürich,2004,3,3,233,2.6,1,0,1,1,0,0,1,0,0.39,0.0,0.39,0.39,0.39,c9d96dc1,22.0,MF,3,233,Curaçao
Jhon Córdoba,FW,co Colombia,33,1.ru Krasnodar,1993,3,2,99,1.1,0,0,0,0,0,0,0,0,0.0,0.0,0.0,0.0,0.0,9f381d8b,33.0,FW,2,99,Colombia
José Córdoba,DF,pa Panama,25,2.eng Norwich City,2001,3,3,270,3.0,0,0,0,0,0,0,0,0,0.0,0.0,0.0,0.0,0.0,bec98750,25.0,DF,3,270,Panama
Derek Cornelius,DF,ca Canada,28,1.fr Marseille,1997,4,4,315,3.5,0,0,0,0,0,0,1,0,0.0,0.0,0.0,0.0,0.0,577744b8,28.0,DF,4,315,Canada
Diogo Costa,GK,pt Portugal,26,1.pt Porto,1999,5,5,450,5.0,0,0,0,0,0,0,0,0,0.0,0.0,0.0,0.0,0.0,93fffbcf,26.0,GK,5,450,Portugal
Nuno da Costa,FW,cv Cabo Verde,35,1.tr Başakşehir,1991,4,1,159,1.8,0,0,0,0,0,0,0,0,0.0,0.0,0.0,0.0,0.0,909222de,35.0,FW,1,159,Cabo Verde
Vladimír Coufal,MFDF,cz Czechia,33,1.de Hoffenheim,1992,3,3,270,3.0,0,1,1,0,0,0,0,0,0.0,0.33,0.33,0.0,0.33,fdf3cb77,33.0,MF,3,270,Czechia
Thibaut Courtois,GK,be Belgium,34,1.es Real Madrid,1992,6,6,550,6.1,0,0,0,0,0,0,0,0,0.0,0.0,0.0,0.0,0.0,1840e36d,34.0,GK,6,550,Belgium
Maxime Crépeau,GK,ca Canada,32,1.us Orlando City,1994,5,5,450,5.0,0,0,0,0,0,0,0,0,0.0,0.0,0.0,0.0,0.0,ea42e480,32.0,GK,5,450,Canada
Max Crocombe,GK,nz New Zealand,32,2.eng Millwall,1993,3,3,270,3.0,0,0,0,0,0,0,0,0,0.0,0.0,0.0,0.0,0.0,fdf47077,32.0,GK,3,270,New Zealand
Pau Cubarsí,DF,es Spain,19,1.es Barcelona,2007,8,8,750,8.3,0,0,0,0,0,0,1,0,0.0,0.0,0.0,0.0,0.0,cc7888f3,19.0,DF,8,750,Spain
Andrés Cubas,MF,py Paraguay,30,1.us Vancouver,1996,5,5,480,5.3,0,0,0,0,0,0,1,0,0.0,0.0,0.0,0.0,0.0,9b40a6ea,30.0,MF,5,480,Paraguay
Marc Cucurella,DF,es Spain,27,1.eng Chelsea,1998,8,8,750,8.3,0,2,2,0,0,0,1,0,0.0,0.24,0.24,0.0,0.24,1daec722,27.0,DF,8,750,Spain
Matheus Cunha,FW,br Brazil,27,1.eng Manchester Utd,1999,5,4,290,3.2,3,0,3,3,0,0,0,0,0.93,0.0,0.93,0.93,0.93,dc62b55d,27.0,FW,4,290,Brazil
Aymen Dahmen,GK,tn Tunisia,29,1.tn Ahly Sfaxien,1997,2,2,180,2.0,0,0,0,0,0,0,0,0,0.0,0.0,0.0,0.0,0.0,8bf49030,29.0,GK,2,180,Tunisia
Danilo,DF,br Brazil,34,1.br Flamengo,1991,5,4,405,4.5,0,0,0,0,0,0,2,0,0.0,0.0,0.0,0.0,0.0,94b2001f,34.0,DF,4,405,Brazil
Kevin Danso,DF,at Austria,27,1.eng Tottenham,1998,4,2,241,2.7,0,0,0,0,0,0,0,0,0.0,0.0,0.0,0.0,0.0,6e33125f,27.0,DF,2,241,Austria
Vladimír Darida,MF,cz Czechia,35,1.cz Hradec Králové,1990,1,1,54,0.6,0,0,0,0,0,0,0,0,0.0,0.0,0.0,0.0,0.0,3eb0f2df,35.0,MF,1,54,Czechia
Jonathan David,FW,ca Canada,26,1.it Juventus,2000,5,5,420,4.7,3,0,3,3,0,0,1,0,0.64,0.0,0.64,0.64,0.64,ce50fd99,26.0,FW,5,420,Canada
Nasser Al-Dawsari,MF,sa Saudi Arabia,27,1.sa Al-Hilal,1998,3,2,207,2.3,0,0,0,0,0,0,1,0,0.0,0.0,0.0,0.0,0.0,7709e4a6,27.0,MF,2,207,Saudi Arabia
Salem Al-Dawsari,MF,sa Saudi Arabia,34,1.sa Al-Hilal,1991,3,3,245,2.7,0,0,0,0,0,0,1,0,0.0,0.0,0.0,0.0,0.0,60ee859c,34.0,MF,3,245,Saudi Arabia
Kevin De Bruyne,MF,be Belgium,34,1.it Napoli,1991,5,5,382,4.2,1,0,1,1,0,0,1,0,0.24,0.0,0.24,0.24,0.24,e46012d4,34.0,MF,5,382,Belgium
Maxim De Cuyper,DF,be Belgium,25,1.eng Brighton,2000,6,5,442,4.9,0,0,0,0,0,0,1,0,0.0,0.0,0.0,0.0,0.0,d494882e,25.0,DF,5,442,Belgium
Luc De Fougerolles,DF,ca Canada,20,1.eng Fulham,2005,5,4,372,4.1,0,0,0,0,0,0,2,0,0.0,0.0,0.0,0.0,0.0,45c427ff,20.0,DF,4,372,Canada
Charles De Ketelaere,FWMF,be Belgium,25,1.it Atalanta,2001,5,5,350,3.9,3,1,4,3,0,0,0,0,0.77,0.26,1.03,0.77,1.03,2ef7c612,25.0,FW,5,350,Belgium
Rodrigo De Paul,MF,ar Argentina,32,1.us Inter Miami,1994,7,6,491,5.5,0,1,1,0,0,0,1,0,0.0,0.18,0.18,0.0,0.18,162efffd,32.0,MF,6,491,Argentina
Amar Dedić,DF,ba Bosnia–Herz,23,1.pt Benfica,2002,3,3,270,3.0,0,0,0,0,0,0,1,0,0.0,0.0,0.0,0.0,0.0,bc6e544a,23.0,DF,3,270,Bosnia–Herz
Louicius Deedson,MF,ht Haiti,25,1.us FC Dallas,2001,3,1,112,1.2,0,0,0,0,0,0,0,0,0.0,0.0,0.0,0.0,0.0,f7059bb1,25.0,MF,1,112,Haiti
Hannes Delcroix,DF,ht Haiti,27,1.ch Lugano,1999,3,3,270,3.0,0,0,0,0,0,0,0,0,0.0,0.0,0.0,0.0,0.0,b737f944,27.0,DF,3,270,Haiti
Ousmane Dembélé,MF,fr France,29,1.fr PSG,1997,8,7,592,6.6,6,2,8,6,0,0,0,0,0.91,0.3,1.22,0.91,1.22,b19db005,29.0,MF,7,592,France
Merih Demiral,DF,tr Türkiye,28,1.sa Al-Ahli,1998,2,2,180,2.0,0,0,0,0,0,0,0,0,0.0,0.0,0.0,0.0,0.0,e3cceee6,28.0,DF,2,180,Türkiye
Ermedin Demirović,FW,ba Bosnia–Herz,28,1.de Stuttgart,1998,4,4,354,3.9,0,0,0,0,0,0,1,0,0.0,0.0,0.0,0.0,0.0,ed79b7d3,28.0,FW,4,354,Bosnia–Herz
Sergiño Dest,MF,us USA,25,1.nl PSV,2000,5,4,297,3.3,0,0,0,0,0,0,0,0,0.0,0.0,0.0,0.0,0.0,5976f83e,25.0,MF,4,297,USA
Frans Dhia Putros,DF,iq Iraq,32,1.id Persib Bandung,1993,1,1,90,1.0,0,0,0,0,0,0,0,0,0.0,0.0,0.0,0.0,0.0,0102aa7e,32.0,DF,1,90,Iraq
Amad Diallo,MFFW,ci Côte d'Ivoire,23,1.eng Manchester Utd,2002,4,2,185,2.1,2,0,2,2,0,0,0,0,0.97,0.0,0.97,0.97,0.97,9dc96f10,23.0,MF,2,185,Côte d'Ivoire
Habib Diarra,MF,sn Senegal,22,1.eng Sunderland,2004,3,2,143,1.6,2,0,2,2,0,0,0,0,1.26,0.0,1.26,1.26,1.26,6d0fe035,22.0,MF,2,143,Senegal
Rúben Dias,DF,pt Portugal,29,1.eng Manchester City,1997,4,4,360,4.0,0,0,0,0,0,0,1,0,0.0,0.0,0.0,0.0,0.0,31c69ef1,29.0,DF,4,360,Portugal
Krépin Diatta,DF,sn Senegal,27,1.fr Monaco,1999,4,4,390,4.3,0,0,0,0,0,0,0,0,0.0,0.0,0.0,0.0,0.0,8104e41e,27.0,DF,4,390,Senegal
Mory Diaw,GK,sn Senegal,32,1.fr Le Havre,1993,3,2,238,2.6,0,0,0,0,0,0,0,0,0.0,0.0,0.0,0.0,0.0,f41a69e6,32.0,GK,2,238,Senegal
Brahim Díaz,MF,ma Morocco,26,1.es Real Madrid,1999,6,6,457,5.1,0,4,4,0,0,0,0,0,0.0,0.79,0.79,0.0,0.79,407feb71,26.0,MF,6,457,Morocco
Luis Díaz,FWMF,co Colombia,29,1.de Bayern Munich,1997,5,5,478,5.3,1,1,2,1,0,0,0,0,0.19,0.19,0.38,0.19,0.38,4a1a9578,29.0,FW,5,478,Colombia
Lucas Digne,DF,fr France,32,1.eng Aston Villa,1993,6,5,463,5.1,0,0,0,0,0,0,0,0,0.0,0.0,0.0,0.0,0.0,1b84dbe1,32.0,DF,5,463,France
Diney,DF,cv Cabo Verde,31,1.ae Al Bataeh,1995,4,4,390,4.3,0,0,0,0,0,0,1,0,0.0,0.0,0.0,0.0,0.0,d2e33ba2,31.0,DF,4,390,Cabo Verde
Ousmane Diomande,DF,ci Côte d'Ivoire,22,1.pt Sporting CP,2003,1,1,90,1.0,0,0,0,0,0,0,0,0,0.0,0.0,0.0,0.0,0.0,394be156,22.0,DF,1,90,Côte d'Ivoire
Yan Diomandé,MFFW,ci Côte d'Ivoire,19,1.de RB Leipzig,2006,4,4,329,3.7,0,1,1,0,0,0,0,0,0.0,0.27,0.27,0.0,0.27,919f5f54,19.0,MF,4,329,Côte d'Ivoire
Issa Diop,DF,ma Morocco,29,1.eng Fulham,1997,5,5,476,5.3,1,0,1,1,0,0,3,0,0.19,0.0,0.19,0.19,0.19,a712ca2b,29.0,DF,5,476,Morocco
El Hadji Malick Diouf,DF,sn Senegal,21,1.eng West Ham,2004,3,2,171,1.9,0,0,0,0,0,0,0,0,0.0,0.0,0.0,0.0,0.0,bd5eb2e5,21.0,DF,2,171,Senegal
Ritsu Doan,MF,jp Japan,27,1.de Frankfurt,1998,4,4,278,3.1,0,1,1,0,0,0,0,0,0.0,0.32,0.32,0.0,0.32,d01bbb6f,27.0,MF,4,278,Japan
Jeremy Doku,MF,be Belgium,24,1.eng Manchester City,2002,5,4,309,3.4,0,0,0,0,0,0,0,0,0.0,0.0,0.0,0.0,0.0,fffea3e5,24.0,MF,4,309,Belgium
Merchas Doski,DF,iq Iraq,26,1.cz Viktoria Plzeň,1999,3,3,270,3.0,0,0,0,0,0,0,1,0,0.0,0.0,0.0,0.0,0.0,fdf4cfe5,26.0,DF,3,270,Iraq
David Douděra,MF,cz Czechia,28,1.cz Slavia Prague,1998,1,1,90,1.0,0,0,0,0,0,0,0,0,0.0,0.0,0.0,0.0,0.0,e95b4604,28.0,MF,1,90,Czechia
Désiré Doué,MF,fr France,21,1.fr PSG,2005,8,4,400,4.4,1,1,2,1,0,0,0,0,0.23,0.23,0.45,0.23,0.45,9e7483ff,21.0,MF,4,400,France
Guéla Doué,DF,ci Côte d'Ivoire,23,1.fr Strasbourg,2002,4,3,277,3.1,0,0,0,0,0,0,1,0,0.0,0.0,0.0,0.0,0.0,b4ef3fb5,23.0,DF,3,277,Côte d'Ivoire
Deroy Duarte,MF,cv Cabo Verde,26,1.bg Ludogorets,1999,4,2,264,2.9,1,0,1,1,0,0,0,0,0.34,0.0,0.34,0.34,0.34,6af8fc5b,26.0,MF,2,264,Cabo Verde
Laros Duarte,MF,cv Cabo Verde,29,1.hu Puskás Akad.,1997,4,2,166,1.8,0,0,0,0,0,0,0,0,0.0,0.0,0.0,0.0,0.0,4af3d3c8,29.0,MF,2,166,Cabo Verde
Denzel Dumfries,DFMF,nl Netherlands,30,1.it Inter,1996,4,4,390,4.3,0,2,2,0,0,0,0,0,0.0,0.46,0.46,0.0,0.46,481c9ece,30.0,DF,4,390,Netherlands
Jean-Kevin Duverne,DF,ht Haiti,28,1.be Gent,1997,2,2,169,1.9,0,1,1,0,0,0,0,0,0.0,0.53,0.53,0.0,0.53,0cbc8baa,28.0,DF,2,169,Haiti
Edin Džeko,FW,ba Bosnia–Herz,40,2.de Schalke 04,1986,3,3,176,2.0,0,0,0,0,0,0,1,0,0.0,0.0,0.0,0.0,0.0,3bb7f478,40.0,FW,3,176,Bosnia–Herz
Anthony Elanga,MFFW,se Sweden,24,1.eng Newcastle,2002,4,2,217,2.4,2,0,2,2,0,0,0,0,0.83,0.0,0.83,0.83,0.83,2fba6108,24.0,MF,2,217,Sweden
Eren Elmalı,DF,tr Türkiye,25,1.tr Galatasaray,2000,2,1,111,1.2,0,0,0,0,0,0,1,0,0.0,0.0,0.0,0.0,0.0,8eeb8ba4,25.0,DF,1,111,Türkiye
Nico Elvedi,DF,ch Switzerland,29,1.de Gladbach,1996,6,6,600,6.7,0,0,0,0,0,0,1,0,0.0,0.0,0.0,0.0,0.0,48035304,29.0,DF,6,600,Switzerland
Breel Embolo,FW,ch Switzerland,29,1.fr Rennes,1997,6,6,501,5.6,2,2,4,1,1,1,2,1,0.36,0.36,0.72,0.18,0.54,0b4f388a,29.0,FW,6,501,Switzerland
Julio Enciso,FW,py Paraguay,22,1.fr Strasbourg,2004,5,5,386,4.3,1,2,3,1,0,0,0,0,0.23,0.47,0.7,0.23,0.7,9cfbad36,22.0,FW,5,386,Paraguay
Fidel Escobar,DF,pa Panama,31,1.cr Saprissa,1995,1,1,90,1.0,0,0,0,0,0,0,0,0,0.0,0.0,0.0,0.0,0.0,4991ec66,31.0,DF,1,90,Panama
Pervis Estupiñán,MF,ec Ecuador,28,1.it Milan,1998,2,1,89,1.0,0,0,0,0,0,0,0,0,0.0,0.0,0.0,0.0,0.0,d38fdf53,28.0,MF,1,89,Ecuador
Stephen Eustáquio,MF,ca Canada,29,1.pt Porto,1996,5,4,392,4.4,1,0,1,1,0,0,0,0,0.23,0.0,0.23,0.23,0.23,577efaec,29.0,MF,4,392,Canada
Martin Expérience,DFMF,ht Haiti,27,2.fr Nancy,1999,3,3,270,3.0,0,0,0,0,0,0,0,0,0.0,0.0,0.0,0.0,0.0,9edb83f4,27.0,DF,3,270,Haiti
Saeid Ezatolahi,MF,ir IR Iran,29,1.ae Al-Ahli Dubai FC,1996,3,3,264,2.9,0,0,0,0,0,0,2,0,0.0,0.0,0.0,0.0,0.0,314d95ac,29.0,MF,3,264,IR Iran
Eberechi Eze,MF,eng England,27,1.eng Arsenal,1998,5,1,211,2.3,0,1,1,0,0,0,0,0,0.0,0.43,0.43,0.0,0.43,ae4fc6a4,27.0,MF,1,211,England
José Fajardo,FW,pa Panama,32,1.ec Univ Católica,1993,3,1,155,1.7,0,0,0,0,0,0,1,0,0.0,0.0,0.0,0.0,0.0,682e47b3,32.0,FW,1,155,Panama
Odeh Al-Fakhouri,MFFW,jo Jordan,20,1.eg Pyramids FC,2005,3,2,148,1.6,0,0,0,0,0,0,0,0,0.0,0.0,0.0,0.0,0.0,30591ae5,20.0,MF,2,148,Jordan
Henrik Falchener,DF,no Norway,23,1.no Viking,2003,1,1,65,0.7,0,0,0,0,0,0,0,0,0.0,0.0,0.0,0.0,0.0,57fe6b9b,23.0,DF,1,65,Norway
Ahmed Fathy,MF,qa Qatar,33,1.qa Al-Arabi,1993,3,1,150,1.7,0,0,0,0,0,0,2,0,0.0,0.0,0.0,0.0,0.0,f2369793,33.0,MF,1,150,Qatar
Hamdy Fathy,DFMF,eg Egypt,31,1.qa Al-Wakrah,1994,4,3,238,2.6,0,0,0,0,0,0,1,0,0.0,0.0,0.0,0.0,0.0,c8ef4955,31.0,DF,3,238,Egypt
Ahmed Fatouh,DF,eg Egypt,28,1.eg Zamalek SC,1998,3,3,267,3.0,0,0,0,0,0,0,1,0,0.0,0.0,0.0,0.0,0.0,de13286d,28.0,DF,3,267,Egypt
Abbosbek Fayzullayev,MF,uz Uzbekistan,22,1.tr Başakşehir,2003,3,3,220,2.4,1,0,1,1,0,0,0,0,0.41,0.0,0.41,0.41,0.41,ef1d36a1,22.0,MF,3,220,Uzbekistan
João Félix,MF,pt Portugal,26,1.sa Al-Nassr,1999,3,3,201,2.2,0,0,0,0,0,0,0,0,0.0,0.0,0.0,0.0,0.0,8aafd64f,26.0,MF,3,201,Portugal
Lewis Ferguson,MF,sct Scotland,26,1.it Bologna,1999,3,3,270,3.0,0,0,0,0,0,0,0,0,0.0,0.0,0.0,0.0,0.0,ee64a822,26.0,MF,3,270,Scotland
Bruno Fernandes,MF,pt Portugal,31,1.eng Manchester Utd,1994,5,5,422,4.7,0,1,1,0,0,0,0,0,0.0,0.21,0.21,0.0,0.21,507c7bdf,31.0,MF,5,422,Portugal
Enzo Fernández,MF,ar Argentina,25,1.eng Chelsea,2001,7,7,659,7.3,2,0,2,2,0,0,2,1,0.27,0.0,0.27,0.27,0.27,5ff4ab71,25.0,MF,7,659,Argentina
Álvaro Fidalgo,MF,mx Mexico,29,1.es Real Betis,1997,3,1,96,1.1,1,0,1,1,0,0,0,0,0.94,0.0,0.94,0.94,0.94,c705cdc4,29.0,MF,1,96,Mexico
Sherel Floranus,DF,cw Curaçao,27,1.nl Zwolle,1998,3,3,270,3.0,0,0,0,0,0,0,0,0,0.0,0.0,0.0,0.0,0.0,5ad49fbb,27.0,DF,3,270,Curaçao
Seko Fofana,MF,ci Côte d'Ivoire,31,1.pt Porto,1995,2,1,92,1.0,0,0,0,0,0,0,1,0,0.0,0.0,0.0,0.0,0.0,5313ed43,31.0,MF,1,92,Côte d'Ivoire
Yahia Fofana,GK,ci Côte d'Ivoire,25,1.tr Rizespor,2000,4,4,360,4.0,0,0,0,0,0,0,0,0,0.0,0.0,0.0,0.0,0.0,9d420dad,25.0,GK,4,360,Côte d'Ivoire
Deveron Fonville,DF,cw Curaçao,23,1.nl NEC Nijmegen,2003,3,3,241,2.7,0,0,0,0,0,0,0,0,0.0,0.0,0.0,0.0,0.0,21932982,23.0,DF,3,241,Curaçao
Lyle Foster,FW,za South Africa,25,1.eng Burnley,2000,1,1,55,0.6,0,0,0,0,0,0,0,0,0.0,0.0,0.0,0.0,0.0,f84a807c,25.0,FW,1,55,South Africa
Alan Franco,DF,ec Ecuador,27,1.br Atlético Mineiro,1998,4,4,251,2.8,0,0,0,0,0,0,2,0,0.0,0.0,0.0,0.0,0.0,c76b161b,27.0,DF,4,251,Ecuador
Alex Freeman,DF,us USA,21,1.es Villarreal,2004,5,4,374,4.2,1,1,2,1,0,0,0,0,0.24,0.24,0.48,0.24,0.48,754f150b,21.0,DF,4,374,USA
Matt Freese,GK,us USA,27,1.us NYCFC,1998,4,4,360,4.0,0,0,0,0,0,0,0,0,0.0,0.0,0.0,0.0,0.0,2f49476c,27.0,GK,4,360,USA
Remo Freuler,MF,ch Switzerland,34,1.it Bologna,1992,6,6,592,6.6,0,0,0,0,0,0,0,0,0.0,0.0,0.0,0.0,0.0,98d2c2c4,34.0,MF,6,592,Switzerland
Juriën Gaari,DF,cw Curaçao,32,2.sa Abha,1993,2,2,166,1.8,0,0,0,0,0,0,1,0,0.0,0.0,0.0,0.0,0.0,bf7a9d1a,32.0,DF,2,166,Curaçao
Jassem Gaber,MF,qa Qatar,24,1.qa Al Rayyan SC,2002,3,3,149,1.7,0,0,0,0,0,0,1,0,0.0,0.0,0.0,0.0,0.0,af9ef8aa,24.0,MF,3,149,Qatar
Cody Gakpo,FW,nl Netherlands,27,1.eng Liverpool,1999,4,4,368,4.1,3,1,4,3,0,0,0,0,0.73,0.24,0.98,0.73,0.98,1971591f,27.0,FW,4,368,Netherlands
Matías Galarza,MF,py Paraguay,24,1.us Atlanta Utd,2002,4,4,388,4.3,1,1,2,1,0,0,2,0,0.23,0.23,0.46,0.23,0.46,8e97a57b,24.0,MF,4,388,Paraguay
Hernán Galíndez,GK,ec Ecuador,39,1.ar Huracán,1987,4,4,360,4.0,0,0,0,0,0,0,0,0,0.0,0.0,0.0,0.0,0.0,89c136f6,39.0,GK,4,360,Ecuador
Jesús Gallardo,DF,mx Mexico,31,1.mx Toluca,1994,5,4,373,4.1,0,0,0,0,0,0,0,0,0.0,0.0,0.0,0.0,0.0,d0846b6c,31.0,DF,4,373,Mexico
Ben Gannon-Doak,MF,sct Scotland,20,1.eng Bournemouth,2005,3,2,186,2.1,0,0,0,0,0,0,0,0,0.0,0.0,0.0,0.0,0.0,733f1a7d,20.0,MF,2,186,Scotland
Gavi,FW,es Spain,21,1.es Barcelona,2004,2,1,76,0.8,0,0,0,0,0,0,0,0,0.0,0.0,0.0,0.0,0.0,19cae58d,21.0,FW,1,76,Spain
Ismaël Gharbi,MF,tn Tunisia,22,1.de Augsburg,2004,3,1,127,1.4,0,0,0,0,0,0,0,0,0.0,0.0,0.0,0.0,0.0,5b3cfa12,22.0,MF,1,127,Tunisia
Saman Ghoddos,MF,ir IR Iran,32,1.ae Al-Ittihad Kalba,1993,3,3,208,2.3,0,0,0,0,0,0,0,0,0.0,0.0,0.0,0.0,0.0,f7b1d4e0,32.0,MF,3,208,IR Iran
Mohammad Ghorbani,MF,ir IR Iran,25,1.ae Al-Wahda FC,2001,1,1,90,1.0,0,0,0,0,0,0,0,0,0.0,0.0,0.0,0.0,0.0,4a078e18,25.0,MF,1,90,IR Iran
Lee Gi-hyuk,DF,kr Korea Republic,25,1.kr Gangwon FC,2000,3,3,270,3.0,0,0,0,0,0,0,1,0,0.0,0.0,0.0,0.0,0.0,18c8c3c7,25.0,DF,3,270,Korea Republic
Armin Gigovic,MF,ba Bosnia–Herz,24,1.ch Young Boys,2002,2,1,79,0.9,0,0,0,0,0,0,0,0,0.0,0.0,0.0,0.0,0.0,d0a0858e,24.0,MF,1,79,Bosnia–Herz
Orlando Gill,GK,py Paraguay,26,1.py San Lorenzo,2000,5,5,480,5.3,0,0,0,0,0,0,0,0,0.0,0.0,0.0,0.0,0.0,0d425331,26.0,GK,5,480,Paraguay
Diego Gómez,MF,py Paraguay,23,1.eng Brighton,2003,4,4,304,3.4,0,0,0,0,0,0,2,0,0.0,0.0,0.0,0.0,0.0,916728da,23.0,MF,4,304,Paraguay
Gustavo Gómez,DF,py Paraguay,33,1.br Palmeiras,1993,5,5,480,5.3,0,0,0,0,0,0,0,0,0.0,0.0,0.0,0.0,0.0,d5ce52a5,33.0,DF,5,480,Paraguay
Nicolás González,MF,ar Argentina,28,1.es Atlético Madrid,1998,7,1,259,2.9,0,1,1,0,0,0,0,0,0.0,0.35,0.35,0.0,0.35,2374aaca,28.0,MF,1,259,Argentina
Anthony Gordon,MF,eng England,25,1.es Barcelona,2001,6,5,396,4.4,1,3,4,1,0,0,0,0,0.23,0.68,0.91,0.23,0.91,2bd83368,25.0,MF,5,396,England
Amine Gouiri,FW,dz Algeria,26,1.fr Marseille,2000,4,3,251,2.8,1,0,1,1,0,0,0,0,0.36,0.0,0.36,0.36,0.36,aad56ca3,26.0,FW,3,251,Algeria
Ryan Gravenberch,MF,nl Netherlands,24,1.eng Liverpool,2002,4,4,345,3.8,0,2,2,0,0,0,0,0,0.0,0.52,0.52,0.0,0.52,b8e740fb,24.0,MF,4,345,Netherlands
Michael Gregoritsch,FW,at Austria,32,1.de Augsburg,1994,3,2,188,2.1,0,1,1,0,0,0,0,0,0.0,0.48,0.48,0.0,0.48,8e235926,32.0,FW,2,188,Austria
Gabriel Gudmundsson,MFDF,se Sweden,27,1.eng Leeds United,1999,4,4,330,3.7,0,0,0,0,0,0,1,0,0.0,0.0,0.0,0.0,0.0,d5d22a58,27.0,MF,4,330,Sweden
Marc Guéhi,DF,eng England,25,1.eng Manchester City,2000,8,7,663,7.4,0,0,0,0,0,0,1,0,0.0,0.0,0.0,0.0,0.0,d0706b27,25.0,DF,7,663,England
Idrissa Gueye,MF,sn Senegal,36,1.eng Everton,1989,4,4,361,4.0,0,0,0,0,0,0,0,0,0.0,0.0,0.0,0.0,0.0,72c812f3,36.0,MF,4,361,Senegal
Pape Gueye,MF,sn Senegal,27,1.es Villarreal,1999,4,3,234,2.6,2,1,3,2,0,0,1,0,0.77,0.38,1.15,0.77,1.15,7155e3e1,27.0,MF,3,234,Senegal
Bruno Guimarães,MF,br Brazil,28,1.eng Newcastle,1997,5,5,416,4.6,0,4,4,0,0,1,0,0,0.0,0.87,0.87,0.0,0.87,82518f62,28.0,MF,5,416,Brazil
Arda Güler,MF,tr Türkiye,21,1.es Real Madrid,2005,3,3,270,3.0,1,0,1,1,0,0,0,0,0.33,0.0,0.33,0.33,0.33,3741ca58,21.0,MF,3,270,Türkiye
Angus Gunn,GK,sct Scotland,30,1.eng Nottingham,1996,3,3,270,3.0,0,0,0,0,0,0,0,0,0.0,0.0,0.0,0.0,0.0,e082af5b,30.0,GK,3,270,Scotland
Malo Gusto,DF,fr France,23,1.eng Chelsea,2003,5,1,121,1.3,0,0,0,0,0,0,0,0,0.0,0.0,0.0,0.0,0.0,d56b9520,23.0,DF,1,121,France
Brian Gutiérrez,MF,mx Mexico,22,1.mx Guadalajara,2003,4,2,198,2.2,0,0,0,0,0,0,1,0,0.0,0.0,0.0,0.0,0.0,d88f31db,22.0,MF,2,198,Mexico
Jorge Gutiérrez,DF,pa Panama,27,1.ve Dep. La Guaira,1998,1,1,87,1.0,0,0,0,0,0,0,0,0,0.0,0.0,0.0,0.0,0.0,56f6d192,27.0,DF,1,87,Panama
Joško Gvardiol,DF,hr Croatia,24,1.eng Manchester City,2002,4,2,139,1.5,0,0,0,0,0,0,0,0,0.0,0.0,0.0,0.0,0.0,5ad50391,24.0,DF,2,139,Croatia
Viktor Gyökeres,FW,se Sweden,28,1.eng Arsenal,1998,4,4,360,4.0,1,2,3,1,0,0,1,0,0.25,0.5,0.75,0.25,0.75,4d5a9185,28.0,FW,4,360,Sweden
Aziz Gʻaniyev,MF,uz Uzbekistan,28,,1998,2,1,122,1.4,0,0,0,0,0,0,0,0,0.0,0.0,0.0,0.0,0.0,0c492054,28.0,MF,1,122,Uzbekistan
Erling Haaland,FW,no Norway,25,1.eng Manchester City,2000,5,5,465,5.2,7,0,7,7,0,0,0,0,1.35,0.0,1.35,1.35,1.35,1f44ac21,25.0,FW,5,465,Norway
Ihsan Haddad,DF,jo Jordan,32,1.jo Al-Hussein SC,1994,3,3,260,2.9,0,1,1,0,0,0,0,0,0.0,0.35,0.35,0.0,0.35,85660a5d,32.0,DF,3,260,Jordan
Anis Hadj Moussa,MF,dz Algeria,24,1.nl Feyenoord,2002,3,1,98,1.1,0,0,0,0,0,0,0,0,0.0,0.0,0.0,0.0,0.0,7bc7eef2,24.0,MF,1,98,Algeria
Jaouen Hadjam,DF,dz Algeria,23,1.ch Young Boys,2003,3,1,109,1.2,0,0,0,0,0,0,0,0,0.0,0.0,0.0,0.0,0.0,576817b7,23.0,DF,1,109,Algeria
Karim Hafez,DF,eg Egypt,30,1.eg Pyramids FC,1996,3,2,172,1.9,0,1,1,0,0,0,0,0,0.0,0.52,0.52,0.0,0.52,d2debf23,30.0,DF,2,172,Egypt
Ehsan Hajsafi,DF,ir IR Iran,36,1.ir Sepahan,1990,2,1,91,1.0,0,0,0,0,0,0,1,0,0.0,0.0,0.0,0.0,0.0,b060e3b8,36.0,DF,1,91,IR Iran
Achraf Hakimi,DF,ma Morocco,27,1.fr PSG,1998,6,6,570,6.3,1,2,3,1,0,0,1,0,0.16,0.32,0.47,0.16,0.47,e42d61c7,27.0,DF,6,570,Morocco
Redouane Halhal,DF,ma Morocco,23,1.be Mechelen,2003,2,2,180,2.0,0,0,0,0,0,0,1,0,0.0,0.0,0.0,0.0,0.0,e17c2cec,23.0,DF,2,180,Morocco
Ali Al Hamadi,FW,iq Iraq,24,2.eng Ipswich Town,2002,3,2,180,2.0,0,0,0,0,0,0,0,0,0.0,0.0,0.0,0.0,0.0,8450467d,24.0,FW,2,180,Iraq
Mohamed Amine Ben Hamida,DF,tn Tunisia,30,1.tn Espérance Tunis,1995,3,2,202,2.2,0,0,0,0,0,0,0,0,0.0,0.0,0.0,0.0,0.0,2a5e8f82,30.0,DF,2,202,Tunisia
Odiljon Hamrobekov,MF,uz Uzbekistan,30,1.ir Tractor,1996,2,1,77,0.9,0,0,0,0,0,0,1,0,0.0,0.0,0.0,0.0,0.0,03f63e77,30.0,MF,1,77,Uzbekistan
Lee Han-beom,DF,kr Korea Republic,23,1.dk Midtjylland,2002,3,3,270,3.0,0,0,0,0,0,0,0,0,0.0,0.0,0.0,0.0,0.0,071f2dd3,23.0,DF,3,270,Korea Republic
Grant Hanley,DF,sct Scotland,34,1.sct Hibernian,1991,2,2,180,2.0,0,0,0,0,0,0,0,0,0.0,0.0,0.0,0.0,0.0,e9254eec,34.0,DF,2,180,Scotland
Sontje Hansen,FW,cw Curaçao,24,2.eng Middlesbrough,2002,1,1,45,0.5,0,0,0,0,0,0,0,0,0.0,0.0,0.0,0.0,0.0,70bad10b,24.0,FW,1,45,Curaçao
Mohamed Hany,DF,eg Egypt,30,1.eg Al Ahly,1996,5,5,480,5.3,0,1,1,0,0,0,0,0,0.0,0.19,0.19,0.0,0.19,9bcf1513,30.0,DF,5,480,Egypt
Moteb Al-Harbi,DF,sa Saudi Arabia,26,1.sa Al-Hilal,2000,3,2,188,2.1,0,0,0,0,0,0,0,0,0.0,0.0,0.0,0.0,0.0,1d88554c,26.0,DF,2,188,Saudi Arabia
Saleh Hardani,DF,ir IR Iran,27,1.ir Esteghlal,1998,2,1,90,1.0,0,0,0,0,0,0,0,0,0.0,0.0,0.0,0.0,0.0,3a9b682b,27.0,DF,1,90,IR Iran
Carlos Harvey,MF,pa Panama,26,1.us Minnesota Utd,2000,3,3,267,3.0,0,0,0,0,0,0,1,0,0.0,0.0,0.0,0.0,0.0,3f18600c,26.0,MF,3,267,Panama
Akam Hashim,DF,iq Iraq,27,1.iq Al-Zawra'a SC,1998,3,3,270,3.0,0,0,0,0,0,0,0,0,0.0,0.0,0.0,0.0,0.0,f8416e89,27.0,DF,3,270,Iraq
Haissem Hassan,MF,eg Egypt,24,1.es Oviedo,2002,2,1,126,1.4,0,1,1,0,0,0,2,0,0.0,0.71,0.71,0.0,0.71,e0979e74,24.0,MF,1,126,Egypt
Jalal Hassan,GK,iq Iraq,35,1.iq Al-Zawra'a SC,1991,2,1,135,1.5,0,0,0,0,0,0,0,0,0.0,0.0,0.0,0.0,0.0,87351c2e,35.0,GK,1,135,Iraq
Kai Havertz,FW,de Germany,27,1.eng Arsenal,1999,4,4,353,3.9,3,0,3,2,1,1,1,0,0.76,0.0,0.76,0.51,0.51,fed7cb61,27.0,FW,4,353,Germany
Hassan Al-Haydos,MF,qa Qatar,35,1.qa Al Sadd,1990,2,1,57,0.6,1,0,1,1,0,0,0,0,1.58,0.0,1.58,1.58,1.58,41bd6c64,35.0,MF,1,57,Qatar
Jan Paul van Hecke,DF,nl Netherlands,26,1.eng Brighton,2000,4,4,390,4.3,1,0,1,1,0,0,0,0,0.23,0.0,0.23,0.23,0.23,4fd08daa,26.0,DF,4,390,Netherlands
Hwang Hee-chan,FW,kr Korea Republic,30,1.eng Wolves,1996,3,1,108,1.2,0,0,0,0,0,0,0,0,0.0,0.0,0.0,0.0,0.0,169fd162,30.0,FW,1,108,Korea Republic
Torbjørn Heggem,DF,no Norway,27,1.it Bologna,1999,5,5,443,4.9,0,0,0,0,0,0,0,0,0.0,0.0,0.0,0.0,0.0,834fea76,27.0,DF,5,443,Norway
Dean Henderson,GK,eng England,29,1.eng Crystal Palace,1997,1,1,90,1.0,0,0,0,0,0,0,0,0,0.0,0.0,0.0,0.0,0.0,e5a76dfe,29.0,GK,1,90,England
Jack Hendry,DF,sct Scotland,31,1.sa Al-Ettifaq,1995,3,3,270,3.0,0,0,0,0,0,0,0,0,0.0,0.0,0.0,0.0,0.0,ffed43e3,31.0,DF,3,270,Scotland
Theo Hernández,DF,fr France,28,1.sa Al-Hilal,1997,5,3,257,2.9,0,0,0,0,0,0,0,0,0.0,0.0,0.0,0.0,0.0,d4c9725f,28.0,DF,3,257,France
Lucas Herrington,DF,au Australia,18,1.us Colorado Rapids,2007,2,2,210,2.3,0,0,0,0,0,0,0,0,0.0,0.0,0.0,0.0,0.0,6f808c85,18.0,DF,2,210,Australia
Son Heung-min,FW,kr Korea Republic,33,1.us LAFC,1992,3,2,169,1.9,0,0,0,0,0,0,0,0,0.0,0.0,0.0,0.0,0.0,92e7e919,33.0,FW,2,169,Korea Republic
Aaron Hickey,DF,sct Scotland,24,1.eng Brentford,2002,1,1,74,0.8,0,0,0,0,0,0,1,0,0.0,0.0,0.0,0.0,0.0,1780bb4a,24.0,DF,1,74,Scotland
Isak Hien,DF,se Sweden,27,1.it Atalanta,1999,3,3,216,2.4,0,0,0,0,0,0,1,0,0.0,0.0,0.0,0.0,0.0,12806697,27.0,DF,3,216,Sweden
Piero Hincapié,DF,ec Ecuador,24,1.eng Arsenal,2002,4,4,339,3.8,0,0,0,0,0,0,1,1,0.0,0.0,0.0,0.0,0.0,0c7a48f8,24.0,DF,4,339,Ecuador
Adam Hložek,FW,cz Czechia,23,1.de Hoffenheim,2002,3,2,156,1.7,0,0,0,0,0,0,0,0,0.0,0.0,0.0,0.0,0.0,5521f419,23.0,FW,2,156,Czechia
Tomáš Holeš,DF,cz Czechia,33,1.cz Slavia Prague,1993,2,2,153,1.7,0,0,0,0,0,0,0,0,0.0,0.0,0.0,0.0,0.0,e03c2d97,33.0,DF,2,153,Czechia
Robin Hranáč,DF,cz Czechia,26,1.de Hoffenheim,2000,3,3,270,3.0,0,0,0,0,0,0,0,0,0.0,0.0,0.0,0.0,0.0,95d5aea2,26.0,DF,3,270,Czechia
Ayman Hussein,FW,iq Iraq,30,1.iq Al-Karma,1996,2,2,115,1.3,1,0,1,1,0,0,0,0,0.78,0.0,0.78,0.78,0.78,8b574de7,30.0,FW,2,115,Iraq
Oh Hyeon-gyu,FW,kr Korea Republic,25,1.tr Beşiktaş,2001,3,1,129,1.4,1,0,1,1,0,0,0,0,0.7,0.0,0.7,0.7,0.7,d25422fb,25.0,FW,1,129,Korea Republic
Roger Ibanez,DF,br Brazil,27,1.sa Al-Ahli,1998,1,1,45,0.5,0,0,0,0,0,0,1,0,0.0,0.0,0.0,0.0,0.0,82efe6fa,27.0,DF,1,45,Brazil
Yasser Ibrahim,DF,eg Egypt,33,1.eg Al Ahly,1993,5,4,467,5.2,1,0,1,1,0,0,2,0,0.19,0.0,0.19,0.19,0.19,0b89ad1b,33.0,DF,4,467,Egypt
Hwang In-beom,MF,kr Korea Republic,29,1.nl Feyenoord,1996,3,3,263,2.9,1,1,2,1,0,0,0,0,0.34,0.34,0.68,0.34,0.68,92fa5d28,29.0,MF,3,263,Korea Republic
Christ Inao Oulaï,MF,ci Côte d'Ivoire,20,1.tr Trabzonspor,2006,4,2,208,2.3,0,0,0,0,0,0,0,0,0.0,0.0,0.0,0.0,0.0,62709ee4,20.0,MF,2,208,Côte d'Ivoire
Zidane Iqbal,MF,iq Iraq,23,1.nl Utrecht,2003,3,2,188,2.1,0,0,0,0,0,0,0,0,0.0,0.0,0.0,0.0,0.0,6fa3c28e,23.0,MF,2,188,Iraq
Nestory Irankunda,FWMF,au Australia,20,2.eng Watford,2006,4,3,261,2.9,1,0,1,1,0,0,0,0,0.34,0.0,0.34,0.34,0.34,4ac730b2,20.0,FW,3,261,Australia
Jackson Irvine,MF,au Australia,33,1.de St Pauli,1993,4,2,223,2.5,0,0,0,0,0,0,1,0,0.0,0.0,0.0,0.0,0.0,4637747c,33.0,MF,2,223,Australia
Alexander Isak,FW,se Sweden,26,1.eng Liverpool,1999,4,4,357,4.0,1,3,4,1,0,0,0,0,0.25,0.76,1.01,0.25,1.01,8e92be30,26.0,FW,4,357,Sweden
Wilson Isidor,FW,ht Haiti,25,1.eng Sunderland,2000,3,2,186,2.1,1,0,1,1,0,0,0,0,0.48,0.0,0.48,0.48,0.48,a671316d,25.0,FW,2,186,Haiti
Zaid Ismail,MF,iq Iraq,24,1.iq Al-Talaba,2002,2,2,117,1.3,0,0,0,0,0,0,0,0,0.0,0.0,0.0,0.0,0.0,c65effaa,24.0,MF,2,117,Iraq
Ko Itakura,DF,jp Japan,29,1.nl Ajax,1997,2,2,128,1.4,0,1,1,0,0,0,0,0,0.0,0.7,0.7,0.0,0.7,97d545ae,29.0,DF,2,128,Japan
Jacob Italiano,DF,au Australia,24,1.at Grazer AK,2001,2,2,163,1.8,0,0,0,0,0,0,1,0,0.0,0.0,0.0,0.0,0.0,2eb0ee9a,24.0,DF,2,163,Australia
Hiroki Ito,DF,jp Japan,27,1.de Bayern Munich,1999,4,4,360,4.0,0,0,0,0,0,0,0,0,0.0,0.0,0.0,0.0,0.0,204dded0,27.0,DF,4,360,Japan
Junya Itō,MF,jp Japan,33,1.be Genk,1993,4,2,216,2.4,1,0,1,1,0,0,0,0,0.42,0.0,0.42,0.42,0.42,dbd3a428,33.0,MF,2,216,Japan
Nicolas Jackson,FW,sn Senegal,24,1.de Bayern Munich,2001,4,2,234,2.6,0,1,1,0,0,0,0,0,0.0,0.38,0.38,0.0,0.38,9c36ed83,24.0,FW,2,234,Senegal
Lee Jae-sung,FW,kr Korea Republic,33,1.de Mainz 05,1992,2,2,117,1.3,0,0,0,0,0,0,0,0,0.0,0.0,0.0,0.0,0.0,34b0387f,33.0,FW,2,117,Korea Republic
Ismail Jakobs,DF,sn Senegal,26,1.tr Galatasaray,1999,3,2,219,2.4,0,0,0,0,0,0,0,0,0.0,0.0,0.0,0.0,0.0,a0415710,26.0,DF,2,219,Senegal
Reece James,DF,eng England,26,1.eng Chelsea,1999,5,3,319,3.5,0,0,0,0,0,0,0,0,0.0,0.0,0.0,0.0,0.0,1265a93a,26.0,DF,3,319,England
Luca Jaquez,DF,ch Switzerland,23,1.de Stuttgart,2003,2,1,78,0.9,0,0,0,0,0,0,0,0,0.0,0.0,0.0,0.0,0.0,a400da8e,23.0,DF,1,78,Switzerland
Ardon Jashari,MF,ch Switzerland,23,1.it Milan,2002,3,1,72,0.8,0,0,0,0,0,0,0,0,0.0,0.0,0.0,0.0,0.0,889588db,23.0,MF,1,72,Switzerland
Ali Jasim,MF,iq Iraq,22,1.sa Al-Najma,2004,2,2,129,1.4,0,0,0,0,0,0,0,0,0.0,0.0,0.0,0.0,0.0,1a927a6f,22.0,MF,2,129,Iraq
Danley Jean-Jacques,MF,ht Haiti,26,1.us Philadelphia,2000,3,3,259,2.9,0,0,0,0,0,0,1,0,0.0,0.0,0.0,0.0,0.0,59fcbd6d,26.0,MF,3,259,Haiti
Raúl Jiménez,FW,mx Mexico,35,1.eng Fulham,1991,4,4,317,3.5,3,0,3,2,1,1,0,0,0.85,0.0,0.85,0.57,0.57,b561db50,35.0,FW,4,317,Mexico
Alistair Johnston,DF,ca Canada,27,1.sct Celtic,1998,5,5,450,5.0,0,0,0,0,0,0,1,0,0.0,0.0,0.0,0.0,0.0,4fb17e20,27.0,DF,5,450,Canada
Frenkie de Jong,MF,nl Netherlands,29,1.es Barcelona,1997,4,4,328,3.6,0,0,0,0,0,0,0,0,0.0,0.0,0.0,0.0,0.0,1bacc518,29.0,MF,4,328,Netherlands
Lenny Joseph,FW,ht Haiti,25,1.hu Ferencváros,2000,3,1,117,1.3,0,0,0,0,0,0,0,0,0.0,0.0,0.0,0.0,0.0,d1828392,25.0,FW,1,117,Haiti
Edmilson Junior,MFFW,qa Qatar,31,1.qa Al Duhail SC,1994,3,3,210,2.3,0,1,1,0,0,0,0,0,0.0,0.43,0.43,0.0,0.43,620764f4,31.0,MF,3,210,Qatar
Vinicius Júnior,FW,br Brazil,25,1.es Real Madrid,2000,5,5,440,4.9,4,1,5,4,0,0,0,0,0.82,0.2,1.02,0.82,1.02,7111d552,25.0,FW,5,440,Brazil
Elijah Just,MF,nz New Zealand,26,1.sct Motherwell,2000,3,3,264,2.9,3,0,3,3,0,0,1,0,1.02,0.0,1.02,1.02,1.02,0c295d6e,26.0,MF,3,264,New Zealand
Musab Al Juwayr,MFFW,sa Saudi Arabia,22,1.sa Al-Qadsiah,2003,3,2,152,1.7,0,0,0,0,0,0,0,0,0.0,0.0,0.0,0.0,0.0,62592fc1,22.0,MF,2,152,Saudi Arabia
Ayoub El Kaabi,FW,ma Morocco,32,1.gr Olympiacos,1993,1,1,69,0.8,0,0,0,0,0,0,0,0,0.0,0.0,0.0,0.0,0.0,b1bfd1d4,32.0,FW,1,69,Morocco
Ozan Kabak,DF,tr Türkiye,26,1.de Hoffenheim,2000,1,1,90,1.0,0,0,0,0,0,0,0,0,0.0,0.0,0.0,0.0,0.0,2d61d13a,26.0,DF,1,90,Türkiye
Ferdi Kadioglu,DF,tr Türkiye,26,1.eng Brighton,1999,2,2,159,1.8,0,0,0,0,0,0,0,0,0.0,0.0,0.0,0.0,0.0,66c52a77,26.0,DF,2,159,Türkiye
Saša Kalajdžić,FW,at Austria,28,1.at LASK,1997,3,1,77,0.9,1,0,1,1,0,0,0,0,1.17,0.0,1.17,1.17,1.17,15f24fe7,28.0,FW,1,77,Austria
Daichi Kamada,MF,jp Japan,29,1.eng Crystal Palace,1996,4,4,329,3.7,2,0,2,2,0,0,1,0,0.55,0.0,0.55,0.55,0.55,15b287da,29.0,MF,4,329,Japan
Hossein Kanaanizadegan,DF,ir IR Iran,32,1.ir Persepolis,1994,2,2,135,1.5,0,0,0,0,0,0,1,0,0.0,0.0,0.0,0.0,0.0,24353c25,32.0,DF,2,135,IR Iran
Harry Kane,FW,eng England,32,1.de Bayern Munich,1993,7,7,652,7.2,6,1,7,4,2,2,0,0,0.83,0.14,0.97,0.55,0.69,21a66f6a,32.0,FW,7,652,England
Lee Kang-in,FW,kr Korea Republic,25,1.fr PSG,2001,3,3,270,3.0,0,1,1,0,0,0,1,0,0.0,0.33,0.33,0.0,0.33,8455ad90,25.0,FW,3,270,Korea Republic
Mohamed Kanno,MF,sa Saudi Arabia,31,1.sa Al-Hilal,1994,3,2,225,2.5,0,0,0,0,0,0,1,0,0.0,0.0,0.0,0.0,0.0,74ccf212,31.0,MF,2,225,Saudi Arabia
Steve Kapuadi,DF,cd Congo DR,28,1.pl Widzew Łódź,1998,2,2,180,2.0,0,0,0,0,0,0,0,0,0.0,0.0,0.0,0.0,0.0,3f3c941a,28.0,DF,2,180,Congo DR
Bekhruz Karimov,DF,uz Uzbekistan,18,1.uz FC Surkhon,2007,2,2,179,2.0,0,0,0,0,0,0,0,0,0.0,0.0,0.0,0.0,0.0,74cdaeba,18.0,DF,2,179,Uzbekistan
Jesper Karlström,MF,se Sweden,30,1.it Udinese,1995,2,2,138,1.5,0,0,0,0,0,0,0,0,0.0,0.0,0.0,0.0,0.0,e0a1f4eb,30.0,MF,2,138,Sweden
Nikola Katić,DF,ba Bosnia–Herz,29,2.de Schalke 04,1996,4,4,317,3.5,0,0,0,0,0,0,1,0,0.0,0.0,0.0,0.0,0.0,35bd124a,29.0,DF,4,317,Bosnia–Herz
Edo Kayembe,MF,cd Congo DR,28,2.eng Watford,1998,3,2,160,1.8,0,0,0,0,0,0,0,0,0.0,0.0,0.0,0.0,0.0,f99b71de,28.0,MF,2,160,Congo DR
Franck Kessié,MF,ci Côte d'Ivoire,29,1.sa Al-Ahli,1996,4,4,346,3.8,1,0,1,1,0,0,1,0,0.26,0.0,0.26,0.26,0.26,05e19d6a,29.0,MF,4,346,Côte d'Ivoire
Abdullah Al-Khaibari,MF,sa Saudi Arabia,29,1.sa Al-Nassr,1996,3,3,180,2.0,0,0,0,0,0,0,0,0,0.0,0.0,0.0,0.0,0.0,ab47ae1c,29.0,MF,3,180,Saudi Arabia
Shoja' Khalilzadeh,DF,ir IR Iran,37,1.ir Tractor,1989,3,3,270,3.0,0,0,0,0,0,0,1,0,0.0,0.0,0.0,0.0,0.0,0aed29f1,37.0,DF,3,270,IR Iran
Dostonbek Khamdamov,MF,uz Uzbekistan,29,1.uz Pakhtakor Tashkent FK,1996,2,1,103,1.1,0,0,0,0,0,0,0,0,0.0,0.0,0.0,0.0,0.0,d2dd2ffb,29.0,MF,1,103,Uzbekistan
Bilal El Khannouss,MFFW,ma Morocco,22,1.de Stuttgart,2004,6,6,461,5.1,0,0,0,0,0,0,1,0,0.0,0.0,0.0,0.0,0.0,f7042636,22.0,MF,6,461,Morocco
Rani Khedira,MF,tn Tunisia,32,1.de Union Berlin,1994,3,2,149,1.7,0,0,0,0,0,0,1,0,0.0,0.0,0.0,0.0,0.0,59e4b92e,32.0,MF,2,149,Tunisia
Boualem Khoukhi,DF,qa Qatar,35,1.qa Al Sadd,1990,3,3,270,3.0,1,0,1,1,0,0,0,0,0.33,0.0,0.33,0.33,0.33,7be5ad52,35.0,DF,3,270,Qatar
Abdukodir Khusanov,DF,uz Uzbekistan,22,1.eng Manchester City,2004,3,3,270,3.0,0,0,0,0,0,0,2,0,0.0,0.0,0.0,0.0,0.0,d17ce930,22.0,DF,3,270,Uzbekistan
Joshua Kimmich,DF,de Germany,31,1.de Bayern Munich,1995,4,4,351,3.9,0,2,2,0,0,0,0,0,0.0,0.51,0.51,0.0,0.51,49296448,31.0,DF,4,351,Germany
Gregor Kobel,GK,ch Switzerland,28,1.de Dortmund,1997,6,6,600,6.7,0,0,0,0,0,0,0,0,0.0,0.0,0.0,0.0,0.0,cd59b9df,28.0,GK,6,600,Switzerland
Orkun Kökçü,MF,tr Türkiye,25,1.tr Beşiktaş,2000,3,2,153,1.7,0,1,1,0,0,0,0,0,0.0,0.59,0.59,0.0,0.59,9bf914b4,25.0,MF,2,153,Türkiye
Sead Kolašinac,DF,ba Bosnia–Herz,32,1.it Atalanta,1993,4,4,337,3.7,0,1,1,0,0,0,0,0,0.0,0.27,0.27,0.0,0.27,3935e52e,32.0,DF,4,337,Bosnia–Herz
Ghislain Konan,DF,ci Côte d'Ivoire,30,1.pt Gil Vicente FC,1995,3,3,269,3.0,0,0,0,0,0,0,0,0,0.0,0.0,0.0,0.0,0.0,6b2c894b,30.0,DF,3,269,Côte d'Ivoire
Ibrahima Konaté,DF,fr France,27,1.eng Liverpool,1999,2,1,60,0.7,0,0,0,0,0,0,0,0,0.0,0.0,0.0,0.0,0.0,5ed9b537,27.0,DF,1,60,France
Ismaël Koné,MF,ca Canada,23,1.it Sassuolo,2002,2,2,146,1.6,0,0,0,0,0,0,0,0,0.0,0.0,0.0,0.0,0.0,e0220b70,23.0,MF,2,146,Canada
Manu Koné,MF,fr France,25,1.it Roma,2001,5,4,385,4.3,0,0,0,0,0,0,1,0,0.0,0.0,0.0,0.0,0.0,86574238,25.0,MF,4,385,France
Ezri Konsa,DF,eng England,28,1.eng Aston Villa,1997,8,7,647,7.2,1,0,1,1,0,0,0,0,0.14,0.0,0.14,0.14,0.14,0313a347,28.0,DF,7,647,England
Odilon Kossounou,DF,ci Côte d'Ivoire,25,1.it Atalanta,2001,4,3,272,3.0,0,0,0,0,0,0,0,0,0.0,0.0,0.0,0.0,0.0,1f3afdcb,25.0,DF,3,272,Côte d'Ivoire
Kalidou Koulibaly,DF,sn Senegal,34,1.sa Al-Hilal,1991,2,2,161,1.8,0,0,0,0,0,0,0,0,0.0,0.0,0.0,0.0,0.0,da974c7b,34.0,DF,2,161,Senegal
Jules Koundé,DF,fr France,27,1.es Barcelona,1998,8,7,599,6.7,0,0,0,0,0,0,0,0,0.0,0.0,0.0,0.0,0.0,4d1666ff,27.0,DF,7,599,France
Mateo Kovačić,MF,hr Croatia,32,1.eng Manchester City,1994,4,3,270,3.0,0,1,1,0,0,0,0,0,0.0,0.33,0.33,0.0,0.33,79c0821a,32.0,MF,3,270,Croatia
Matej Kovar,GK,cz Czechia,26,1.nl PSV,2000,3,3,270,3.0,0,0,0,0,0,0,0,0,0.0,0.0,0.0,0.0,0.0,bc67a0e1,26.0,GK,3,270,Czechia
Ladislav Krejčí,DF,cz Czechia,27,1.eng Wolves,1999,3,3,270,3.0,1,0,1,1,0,0,1,0,0.33,0.0,0.33,0.33,0.33,5b5c2228,27.0,DF,3,270,Czechia
Takefusa Kubo,MF,jp Japan,25,1.es Real Sociedad,2001,1,1,74,0.8,0,1,1,0,0,0,0,0,0.0,1.22,1.22,0.0,1.22,16aa3654,25.0,MF,1,74,Japan
Maxence Lacroix,DF,fr France,26,1.eng Crystal Palace,2000,3,2,241,2.7,0,0,0,0,0,0,0,0,0.0,0.0,0.0,0.0,0.0,277c49ed,26.0,DF,2,241,France
Gustaf Lagerbielke,DF,se Sweden,26,1.pt Braga,2000,4,4,360,4.0,0,0,0,0,0,0,0,0,0.0,0.0,0.0,0.0,0.0,9e39fa2d,26.0,DF,4,360,Sweden
Konrad Laimer,MFDF,at Austria,29,1.de Bayern Munich,1997,4,4,360,4.0,0,1,1,0,0,0,1,0,0.0,0.25,0.25,0.0,0.25,c1b7847c,29.0,MF,4,360,Austria
Ali Lajami,DF,sa Saudi Arabia,30,1.sa Al-Hilal,1996,3,1,149,1.7,0,0,0,0,0,0,0,0,0.0,0.0,0.0,0.0,0.0,46f7ab4f,30.0,DF,1,149,Saudi Arabia
Aymeric Laporte,DF,es Spain,32,1.es Athletic Club,1994,8,8,727,8.1,0,1,1,0,0,0,1,0,0.0,0.12,0.12,0.0,0.12,119b9a8e,32.0,DF,8,727,Spain
Cyle Larin,FW,ca Canada,31,1.es Mallorca,1995,4,2,190,2.1,2,0,2,2,0,0,2,0,0.95,0.0,0.95,0.95,0.95,e7af9060,31.0,FW,2,190,Canada
Richie Laryea,DF,ca Canada,31,1.us Toronto FC,1995,5,5,429,4.8,0,0,0,0,0,0,1,0,0.0,0.0,0.0,0.0,0.0,276fdbe4,31.0,DF,5,429,Canada
Mohanad Lasheen,MF,eg Egypt,30,,1996,4,4,359,4.0,0,0,0,0,0,0,2,0,0.0,0.0,0.0,0.0,0.0,8c041c7d,30.0,MF,4,359,Egypt
Issa Laye,MFDF,qa Qatar,28,1.qa Al-Arabi,1997,3,3,270,3.0,0,0,0,0,0,0,0,0,0.0,0.0,0.0,0.0,0.0,c078667a,28.0,MF,3,270,Qatar
Rafael Leão,MF,pt Portugal,27,1.it Milan,1999,5,1,158,1.8,1,1,2,1,0,0,0,0,0.57,0.57,1.14,0.57,1.14,20730eae,27.0,MF,1,158,Portugal
Mathew Leckie,MF,au Australia,35,1.au Melb City,1991,1,1,60,0.7,0,0,0,0,0,0,0,0,0.0,0.0,0.0,0.0,0.0,b93b7882,35.0,MF,1,60,Australia
Jefferson Lerma,MF,co Colombia,31,1.eng Crystal Palace,1994,5,5,410,4.6,0,0,0,0,0,0,1,0,0.0,0.0,0.0,0.0,0.0,9b5ce51a,31.0,MF,5,410,Colombia
Philipp Lienhart,DF,at Austria,29,1.de Freiburg,1996,2,2,180,2.0,0,0,0,0,0,0,0,0,0.0,0.0,0.0,0.0,0.0,302527b2,29.0,DF,2,180,Austria
Victor Lindelöf,DFMF,se Sweden,31,1.eng Aston Villa,1994,4,4,356,4.0,0,0,0,0,0,0,0,0,0.0,0.0,0.0,0.0,0.0,f5deef4c,31.0,DF,4,356,Sweden
Erik Lira,MF,mx Mexico,26,1.mx Cruz Azul,2000,4,4,345,3.8,0,1,1,0,0,0,0,0,0.0,0.26,0.26,0.0,0.26,7b2c24ed,26.0,MF,4,345,Mexico
Dominik Livaković,GK,hr Croatia,31,1.hr Dinamo Zagreb,1995,4,4,360,4.0,0,0,0,0,0,0,0,0,0.0,0.0,0.0,0.0,0.0,58f077c0,31.0,GK,4,360,Croatia
Dailon Livramento,FW,cv Cabo Verde,25,1.pt Casa Pia,2001,3,2,174,1.9,0,0,0,0,0,0,0,0,0.0,0.0,0.0,0.0,0.0,c115db1e,25.0,FW,2,174,Cabo Verde
Marcos Llorente,DF,es Spain,31,1.es Atlético Madrid,1995,3,2,187,2.1,0,1,1,0,0,0,0,0,0.0,0.48,0.48,0.0,0.48,02c15616,31.0,DF,2,187,Spain
Giovani Lo Celso,MF,ar Argentina,30,1.es Real Betis,1996,1,1,59,0.7,1,0,1,1,0,0,0,0,1.53,0.0,1.53,1.53,1.53,d7553721,30.0,MF,1,59,Argentina
Jürgen Locadia,FW,cw Curaçao,32,2.us Miami FC,1993,3,3,235,2.6,0,0,0,0,0,0,0,0,0.0,0.0,0.0,0.0,0.0,6cc47ae1,32.0,FW,3,235,Curaçao
Sidny Lopes Cabral,DF,cv Cabo Verde,23,1.pt Benfica,2002,3,3,285,3.2,1,0,1,1,0,0,2,0,0.32,0.0,0.32,0.32,0.32,20700569,23.0,DF,3,285,Cabo Verde
Derrick Luckassen,DF,gh Ghana,30,1.cy Pafos FC,1995,2,2,180,2.0,1,0,1,1,0,0,0,0,0.5,0.0,0.5,0.5,0.5,30a09cb5,30.0,DF,2,180,Ghana
Jhon Lucumí,DF,co Colombia,27,1.it Bologna,1998,5,5,478,5.3,0,0,0,0,0,0,1,0,0.0,0.0,0.0,0.0,0.0,80490d7f,27.0,DF,5,478,Colombia
José Luis Rodríguez,MFFW,pa Panama,27,1.mx FC Juárez,1998,3,3,233,2.6,0,0,0,0,0,0,0,0,0.0,0.0,0.0,0.0,0.0,b333b014,27.0,MF,3,233,Panama
Romelu Lukaku,FW,be Belgium,33,1.it Napoli,1993,6,1,233,2.6,3,1,4,3,0,0,1,0,1.16,0.39,1.55,1.16,1.55,5eae500a,33.0,FW,1,233,Belgium
Dodi Lukebakio,MF,be Belgium,28,1.pt Benfica,1997,3,1,164,1.8,0,0,0,0,0,0,0,0,0.0,0.0,0.0,0.0,0.0,0c61c77c,28.0,MF,1,164,Belgium
Jovo Lukić,FW,ba Bosnia–Herz,27,1.ro Univ. Cluj,1998,2,1,67,0.7,1,0,1,1,0,0,1,0,1.34,0.0,1.34,1.34,1.34,a2056e82,27.0,FW,1,67,Bosnia–Herz
Alexis Mac Allister,MF,ar Argentina,27,1.eng Liverpool,1998,8,7,750,8.3,1,1,2,1,0,0,1,0,0.12,0.12,0.24,0.12,0.24,83d074ff,27.0,MF,7,750,Argentina
Deiver Machado,DF,co Colombia,32,1.fr Nantes,1993,1,1,90,1.0,0,0,0,0,0,0,0,0,0.0,0.0,0.0,0.0,0.0,b3f8bdef,32.0,DF,1,90,Colombia
Assim Madibo,MF,qa Qatar,29,1.qa Al-Wakrah,1996,2,2,131,1.5,0,0,0,0,0,0,0,1,0.0,0.0,0.0,0.0,0.0,2b1d2ada,29.0,MF,2,131,Qatar
Noni Madueke,MF,eng England,24,1.eng Arsenal,2002,5,4,286,3.2,0,0,0,0,0,0,0,0,0.0,0.0,0.0,0.0,0.0,bf34eebd,24.0,MF,4,286,England
Daizen Maeda,MF,jp Japan,28,1.sct Celtic,1997,3,3,244,2.7,1,0,1,1,0,0,0,0,0.37,0.0,0.37,0.37,0.37,395451fc,28.0,MF,3,244,Japan
Gabriel Magalhães,DF,br Brazil,28,1.eng Arsenal,1997,5,5,450,5.0,0,1,1,0,0,0,0,0,0.0,0.2,0.2,0.0,0.2,67ac5bb8,28.0,DF,5,450,Brazil
Riyad Mahrez,MF,dz Algeria,35,1.sa Al-Ahli,1991,4,3,262,2.9,2,1,3,2,0,0,0,0,0.69,0.34,1.03,0.69,1.03,892d5bb1,35.0,MF,3,262,Algeria
Alexandro Maidana,DF,py Paraguay,20,1.ar Talleres–C,2005,2,1,55,0.6,0,0,0,0,0,0,0,0,0.0,0.0,0.0,0.0,0.0,4d0d5020,20.0,DF,1,55,Paraguay
Mike Maignan,GK,fr France,30,1.it Milan,1995,8,8,720,8.0,0,0,0,0,0,0,0,0,0.0,0.0,0.0,0.0,0.0,fcb38f57,30.0,GK,8,720,France
Evidence Makgopa,FW,za South Africa,26,1.za Orlando Pirates,2000,4,2,215,2.4,0,0,0,0,0,0,0,0,0.0,0.0,0.0,0.0,0.0,4d76d03b,26.0,FW,2,215,South Africa
Donyell Malen,FW,nl Netherlands,27,1.it Roma,1999,3,3,185,2.1,0,0,0,0,0,0,0,0,0.0,0.0,0.0,0.0,0.0,116c35df,27.0,FW,3,185,Netherlands
Arjan Malic,DF,ba Bosnia–Herz,20,1.at Sturm Graz,2005,1,1,45,0.5,0,0,0,0,0,0,0,0,0.0,0.0,0.0,0.0,0.0,de57cd45,20.0,DF,1,45,Bosnia–Herz
Aïssa Mandi,DF,dz Algeria,34,1.fr Lille,1991,4,4,360,4.0,0,0,0,0,0,0,0,0,0.0,0.0,0.0,0.0,0.0,fbd6378b,34.0,DF,4,360,Algeria
Sadio Mané,MFFW,sn Senegal,34,1.sa Al-Nassr,1992,4,4,362,4.0,0,1,1,0,0,0,0,0,0.0,0.25,0.25,0.0,0.25,c691bfe2,34.0,MF,4,362,Senegal
Juan Manuel Sanabria,DF,uy Uruguay,26,1.mx Atlético San Luis,2000,3,2,204,2.3,0,0,0,0,0,0,1,0,0.0,0.0,0.0,0.0,0.0,f1d74479,26.0,DF,2,204,Uruguay
Johan Manzambi,MFFW,ch Switzerland,20,1.de Freiburg,2005,4,2,199,2.2,3,2,5,3,0,0,0,0,1.36,0.9,2.26,1.36,2.26,8fcf0e12,20.0,MF,2,199,Switzerland
Mahmoud Al-Mardi,MF,jo Jordan,32,1.jo Al-Hussein SC,1993,3,1,130,1.4,0,0,0,0,0,0,0,0,0.0,0.0,0.0,0.0,0.0,1eedc1ea,32.0,MF,1,130,Jordan
Omar Marmoush,FWMF,eg Egypt,27,1.eng Manchester City,1999,5,3,326,3.6,0,0,0,0,0,0,0,0,0.0,0.0,0.0,0.0,0.0,0e0102eb,27.0,FW,3,326,Egypt
Marquinhos,DF,br Brazil,32,1.fr PSG,1994,5,5,450,5.0,0,0,0,0,0,0,0,0,0.0,0.0,0.0,0.0,0.0,d5f2f82b,32.0,DF,5,450,Brazil
Gabriel Martinelli,MF,br Brazil,24,1.eng Arsenal,2001,4,1,143,1.6,1,0,1,1,0,0,0,0,0.63,0.0,0.63,0.63,0.63,48a5a5d6,24.0,MF,1,143,Brazil
Guillermo Martínez Ayala,FW,mx Mexico,31,1.mx UNAM,1995,2,1,72,0.8,0,0,0,0,0,0,0,0,0.0,0.0,0.0,0.0,0.0,59146354,31.0,FW,1,72,Mexico
Cristian Martínez,MFFW,pa Panama,29,1.il Kiryat Shmona,1997,3,3,242,2.7,0,0,0,0,0,0,0,0,0.0,0.0,0.0,0.0,0.0,fdb15495,29.0,MF,3,242,Panama
Emiliano Martínez,GK,ar Argentina,33,1.eng Aston Villa,1992,8,8,810,9.0,0,0,0,0,0,0,0,0,0.0,0.0,0.0,0.0,0.0,7956236f,33.0,GK,8,810,Argentina
Lautaro Martínez,FW,ar Argentina,28,1.it Inter,1997,7,4,310,3.4,3,1,4,2,1,1,1,0,0.87,0.29,1.16,0.58,0.87,f7036e1c,28.0,FW,4,310,Argentina
Lisandro Martínez,DF,ar Argentina,28,1.eng Manchester Utd,1998,7,7,624,6.9,1,1,2,1,0,0,2,0,0.14,0.14,0.29,0.14,0.29,bac46a10,28.0,DF,7,624,Argentina
Thapelo Maseko,MFFW,za South Africa,22,1.cy AEL Limassol,2003,3,3,242,2.7,1,0,1,1,0,0,0,0,0.37,0.0,0.37,0.37,0.37,498d45f7,22.0,MF,3,242,South Africa
Hazem Mastouri,FW,tn Tunisia,28,1.ru D. Makhachkala,1997,1,1,89,1.0,1,0,1,1,0,0,0,0,1.01,0.0,1.01,1.01,1.01,c88f913e,28.0,FW,1,89,Tunisia
Arthur Masuaku,DF,cd Congo DR,32,1.fr Lens,1993,4,4,315,3.5,0,1,1,0,0,0,0,0,0.0,0.29,0.29,0.0,0.29,57df7a11,32.0,DF,4,315,Congo DR
Ibrahim Maza,MFFW,dz Algeria,20,1.de Leverkusen,2005,4,4,351,3.9,0,0,0,0,0,0,0,0,0.0,0.0,0.0,0.0,0.0,89b3bc5e,20.0,MF,4,351,Algeria
Noussair Mazraoui,DF,ma Morocco,28,1.eng Manchester Utd,1997,6,5,477,5.3,0,0,0,0,0,0,0,0,0.0,0.0,0.0,0.0,0.0,b74277a0,28.0,DF,5,477,Morocco
Kylian Mbappé,FW,fr France,27,1.es Real Madrid,1998,8,8,695,7.7,10,4,14,9,1,2,1,0,1.29,0.52,1.81,1.17,1.68,42fd9c7f,27.0,FW,8,695,France
Thalente Mbatha,MF,za South Africa,26,1.za Orlando Pirates,2000,4,2,260,2.9,0,0,0,0,0,0,1,0,0.0,0.0,0.0,0.0,0.0,f6272be9,26.0,MF,2,260,South Africa
Ibrahim Mbaye,MF,sn Senegal,18,1.fr PSG,2008,4,1,157,1.7,1,0,1,1,0,0,0,0,0.57,0.0,0.57,0.57,0.57,201b4ee4,18.0,MF,1,157,Senegal
Chancel Mbemba,DF,cd Congo DR,31,1.fr Lille,1994,4,4,360,4.0,0,1,1,0,0,0,1,0,0.0,0.25,0.25,0.0,0.25,e76cb9cc,31.0,DF,4,360,Congo DR
Mbekezeli Mbokazi,DF,za South Africa,20,1.us Chicago Fire,2005,4,4,360,4.0,0,0,0,0,0,0,0,0,0.0,0.0,0.0,0.0,0.0,13398d42,20.0,DF,4,360,South Africa
Nathanaël Mbuku,MFFW,cd Congo DR,24,2.fr Montpellier,2002,3,2,143,1.6,0,0,0,0,0,0,1,0,0.0,0.0,0.0,0.0,0.0,46750e9c,24.0,MF,2,143,Congo DR
Callum McCowatt,MF,nz New Zealand,27,1.dk Silkeborg,1999,3,2,159,1.8,0,0,0,0,0,0,1,0,0.0,0.0,0.0,0.0,0.0,3fc42049,27.0,MF,2,159,New Zealand
John McGinn,MF,sct Scotland,31,1.eng Aston Villa,1994,3,3,259,2.9,1,0,1,1,0,0,0,0,0.35,0.0,0.35,0.35,0.35,90f91999,31.0,MF,3,259,Scotland
Scott McKenna,DF,sct Scotland,29,1.hr Dinamo Zagreb,1996,1,1,90,1.0,0,0,0,0,0,0,0,0,0.0,0.0,0.0,0.0,0.0,4e5a4cbc,29.0,DF,1,90,Scotland
Weston McKennie,MF,us USA,27,1.it Juventus,1998,5,5,443,4.9,0,0,0,0,0,0,1,0,0.0,0.0,0.0,0.0,0.0,01c3aff5,27.0,MF,5,443,USA
Mark McKenzie,DF,us USA,27,1.fr Toulouse,1999,1,1,90,1.0,0,0,0,0,0,0,0,0,0.0,0.0,0.0,0.0,0.0,a5f5d094,27.0,DF,1,90,USA
Kenny McLean,MF,sct Scotland,34,2.eng Norwich City,1992,3,1,118,1.3,0,0,0,0,0,0,1,0,0.0,0.0,0.0,0.0,0.0,471f16b3,34.0,MF,1,118,Scotland
Scott McTominay,MF,sct Scotland,29,1.it Napoli,1996,3,3,270,3.0,0,0,0,0,0,0,0,0,0.0,0.0,0.0,0.0,0.0,d93c2511,29.0,MF,3,270,Scotland
Brandon Mechele,DF,be Belgium,33,1.be Club Brugge,1993,6,6,570,6.3,0,0,0,0,0,0,1,0,0.0,0.0,0.0,0.0,0.0,0a6dbbf7,33.0,DF,6,570,Belgium
Facundo Medina,DF,ar Argentina,27,1.fr Marseille,1999,5,3,308,3.4,0,1,1,0,0,0,1,0,0.0,0.29,0.29,0.0,0.29,6f5ec8bb,27.0,DF,3,308,Argentina
Hannibal Mejbri,MF,tn Tunisia,23,1.eng Burnley,2003,3,3,270,3.0,0,2,2,0,0,0,0,0,0.0,0.67,0.67,0.0,0.67,ca22ccb0,23.0,MF,3,270,Tunisia
Amar Memić,MF,ba Bosnia–Herz,25,1.cz Viktoria Plzeň,2001,4,2,224,2.5,0,0,0,0,0,0,0,0,0.0,0.0,0.0,0.0,0.0,918c187c,25.0,MF,2,224,Bosnia–Herz
Sultan Mendash,MF,sa Saudi Arabia,31,1.sa Al-Hilal,1994,1,1,65,0.7,0,0,0,0,0,0,0,0,0.0,0.0,0.0,0.0,0.0,8738a7a1,31.0,MF,1,65,Saudi Arabia
Nuno Mendes,DF,pt Portugal,23,1.fr PSG,2002,5,5,395,4.4,1,0,1,1,0,0,0,0,0.23,0.0,0.23,0.23,0.23,f20e4cc9,23.0,DF,5,395,Portugal
Ryan Mendes,FWMF,cv Cabo Verde,36,2.tr 76 Iğdır Belediyespor,1990,4,4,330,3.7,0,1,1,0,0,0,0,0,0.0,0.27,0.27,0.0,0.27,ba6e01ab,36.0,FW,4,330,Cabo Verde
Édouard Mendy,GK,sn Senegal,34,1.sa Al-Ahli,1992,2,2,152,1.7,0,0,0,0,0,0,0,0,0.0,0.0,0.0,0.0,0.0,33887998,34.0,GK,2,152,Senegal
Gideon Mensah,DF,gh Ghana,27,1.fr Auxerre,1998,4,4,360,4.0,0,0,0,0,0,0,0,0,0.0,0.0,0.0,0.0,0.0,9bdd8118,27.0,DF,4,360,Ghana
Mikel Merino,MF,es Spain,29,1.eng Arsenal,1996,8,1,199,2.2,2,0,2,2,0,0,0,0,0.9,0.0,0.9,0.9,0.9,d080ed5e,29.0,MF,1,199,Spain
Lionel Messi,FW,ar Argentina,38,1.us Inter Miami,1987,8,7,740,8.2,8,4,12,8,0,2,0,0,0.97,0.49,1.46,0.97,1.46,d70ce98e,38.0,FW,7,740,Argentina
Connor Metcalfe,MF,au Australia,26,1.de St Pauli,1999,4,3,315,3.5,1,0,1,1,0,0,0,0,0.29,0.0,0.29,0.29,0.29,73ce4d7d,26.0,MF,3,315,Australia
Thomas Meunier,DF,be Belgium,34,1.fr Lille,1991,3,2,190,2.1,0,1,1,0,0,0,0,0,0.0,0.47,0.47,0.0,0.47,e162b013,34.0,DF,2,190,Belgium
Liam Millar,MF,ca Canada,26,2.eng Hull City,1999,3,2,162,1.8,0,0,0,0,0,0,1,0,0.0,0.0,0.0,0.0,0.0,983515f8,26.0,MF,2,162,Canada
Kim Min-jae,DF,kr Korea Republic,29,1.de Bayern Munich,1996,3,3,245,2.7,0,0,0,0,0,0,0,0,0.0,0.0,0.0,0.0,0.0,e0f8151c,29.0,DF,3,245,Korea Republic
Alan Minda,MF,ec Ecuador,23,1.br Atlético Mineiro,2003,1,1,55,0.6,0,0,0,0,0,0,0,0,0.0,0.0,0.0,0.0,0.0,9cfd5b00,23.0,MF,1,55,Ecuador
Aubrey Modiba,DF,za South Africa,30,1.za Sundowns,1995,4,4,346,3.8,0,0,0,0,0,0,1,0,0.0,0.0,0.0,0.0,0.0,bb1f97f2,30.0,DF,4,346,South Africa
Luka Modrić,MF,hr Croatia,40,1.it Milan,1985,4,4,317,3.5,0,1,1,0,0,0,1,0,0.0,0.28,0.28,0.0,0.28,6025fab1,40.0,MF,4,317,Croatia
Relebohile Mofokeng,MF,za South Africa,21,1.za Orlando Pirates,2004,3,2,169,1.9,0,0,0,0,0,0,0,0,0.0,0.0,0.0,0.0,0.0,25c3fb97,21.0,MF,2,169,South Africa
Shahriar Moghanlou,FW,ir IR Iran,31,1.ae Al-Ittihad Kalba,1994,3,1,88,1.0,0,0,0,0,0,0,0,0,0.0,0.0,0.0,0.0,0.0,92f69be8,31.0,FW,1,88,IR Iran
Milad Mohammadi,DF,ir IR Iran,32,1.ir Persepolis,1993,3,2,205,2.3,0,0,0,0,0,0,0,0,0.0,0.0,0.0,0.0,0.0,740a0e28,32.0,DF,2,205,IR Iran
Mohammad Mohebi,MF,ir IR Iran,27,1.ru Rostov,1998,3,3,244,2.7,1,0,1,1,0,0,0,0,0.37,0.0,0.37,0.37,0.37,7b6b53c3,27.0,MF,3,244,IR Iran
Johan Mojica,DF,co Colombia,33,1.es Mallorca,1992,4,4,390,4.3,0,0,0,0,0,0,1,0,0.0,0.0,0.0,0.0,0.0,608f2092,33.0,DF,4,390,Colombia
Teboho Mokoena,MF,za South Africa,29,1.za Sundowns,1997,3,3,270,3.0,1,0,1,0,1,1,2,0,0.33,0.0,0.33,0.0,0.0,00029b1e,29.0,MF,3,270,South Africa
Nahuel Molina,DF,ar Argentina,28,1.es Atlético Madrid,1998,7,5,528,5.9,0,0,0,0,0,0,0,0,0.0,0.0,0.0,0.0,0.0,23610943,28.0,DF,5,528,Argentina
Jamiro Monteiro,MF,cv Cabo Verde,32,1.nl Zwolle,1993,4,3,281,3.1,0,0,0,0,0,0,0,0,0.0,0.0,0.0,0.0,0.0,d384bddd,32.0,MF,3,281,Cabo Verde
César Montes,DF,mx Mexico,29,1.ru Loko Moscow,1997,4,4,314,3.5,0,0,0,0,0,0,0,1,0.0,0.0,0.0,0.0,0.0,28e957d7,29.0,DF,4,314,Mexico
Gonzalo Montiel,DF,ar Argentina,29,1.ar River Plate,1997,6,2,192,2.1,0,1,1,0,0,0,1,0,0.0,0.47,0.47,0.0,0.47,374d5158,29.0,DF,2,192,Argentina
Kim Moon-hwan,MF,kr Korea Republic,30,1.kr Daejeon Hana,1995,1,1,70,0.8,0,0,0,0,0,0,0,0,0.0,0.0,0.0,0.0,0.0,6bce7dd8,30.0,MF,1,70,Korea Republic
Gilberto Mora,MF,mx Mexico,17,1.mx Tijuana,2008,4,3,213,2.4,0,0,0,0,0,0,0,0,0.0,0.0,0.0,0.0,0.0,69c9ffe8,17.0,MF,3,213,Mexico
Steven Moreira,DF,cv Cabo Verde,31,1.us Columbus Crew,1994,4,3,301,3.3,0,0,0,0,0,0,0,0,0.0,0.0,0.0,0.0,0.0,f10983ae,31.0,DF,3,301,Cabo Verde
Orlando Mosquera,GK,pa Panama,31,1.sa Al-Fayha,1994,3,3,270,3.0,0,0,0,0,0,0,0,0,0.0,0.0,0.0,0.0,0.0,ea34d827,31.0,GK,3,270,Panama
Samuel Moutoussamy,MF,cd Congo DR,29,1.gr Atromitos,1996,4,4,330,3.7,0,0,0,0,0,0,1,0,0.0,0.0,0.0,0.0,0.0,af0c835b,29.0,MF,4,330,Congo DR
Akmal Mozgovoy,MF,uz Uzbekistan,27,1.uz Pakhtakor Tashkent FK,1999,3,2,216,2.4,0,1,1,0,0,0,0,0,0.0,0.42,0.42,0.0,0.42,114cb95b,27.0,MF,2,216,Uzbekistan
Lionel Mpasi,GK,cd Congo DR,31,1.fr Le Havre,1994,4,4,360,4.0,0,0,0,0,0,0,0,0,0.0,0.0,0.0,0.0,0.0,5c6b0637,31.0,GK,4,360,Congo DR
Khuliso Mudau,DF,za South Africa,31,1.za Sundowns,1995,4,4,360,4.0,0,0,0,0,0,0,0,0,0.0,0.0,0.0,0.0,0.0,75388f92,31.0,DF,4,360,South Africa
Tarik Muharemovic,DF,ba Bosnia–Herz,23,1.it Sassuolo,2003,3,3,259,2.9,0,0,0,0,0,0,0,1,0.0,0.0,0.0,0.0,0.0,426dda23,23.0,DF,3,259,Bosnia–Herz
Ngal'Ayel Mukau,MF,cd Congo DR,21,1.fr Lille,2004,4,3,195,2.2,0,0,0,0,0,0,0,0,0.0,0.0,0.0,0.0,0.0,bb461b8a,21.0,MF,3,195,Congo DR
Mert Müldür,DF,tr Türkiye,27,1.tr Fenerbahçe,1999,3,1,101,1.1,0,0,0,0,0,0,0,0,0.0,0.0,0.0,0.0,0.0,1295552e,27.0,DF,1,101,Türkiye
Daniel Muñoz,DF,co Colombia,30,1.eng Crystal Palace,1996,5,4,394,4.4,2,0,2,2,0,0,0,0,0.46,0.0,0.46,0.46,0.46,778ef829,30.0,DF,4,394,Colombia
Petar Musa,FW,hr Croatia,28,1.us FC Dallas,1998,2,2,110,1.2,1,0,1,1,0,0,0,0,0.82,0.0,0.82,0.82,0.82,4567a0b4,28.0,FW,2,110,Croatia
Jamal Musiala,MF,de Germany,23,1.de Bayern Munich,2003,4,3,270,3.0,1,0,1,1,0,0,1,0,0.33,0.0,0.33,0.33,0.33,2c0558b8,23.0,MF,3,270,Germany
Fernando Muslera,GK,uy Uruguay,39,1.tr Galatasaray,1986,3,3,225,2.5,0,0,0,0,0,0,0,0,0.0,0.0,0.0,0.0,0.0,a2abe631,39.0,GK,3,225,Uruguay
Phillipp Mwene,DF,at Austria,32,1.de Mainz 05,1994,2,2,147,1.6,0,0,0,0,0,0,0,0,0.0,0.0,0.0,0.0,0.0,2ff76adc,32.0,DF,2,147,Austria
David Møller Wolfe,DF,no Norway,24,1.eng Wolves,2002,5,5,430,4.8,0,1,1,0,0,0,0,0,0.0,0.21,0.21,0.0,0.21,9affc5f2,24.0,DF,5,430,Norway
Keito Nakamura,MF,jp Japan,25,2.fr Reims,2000,4,4,307,3.4,1,1,2,1,0,0,0,0,0.29,0.29,0.59,0.29,0.59,d97af612,25.0,MF,4,307,Japan
Abdallah Nasib,DF,jo Jordan,32,1.iq Al-Zawra'a SC,1994,3,3,260,2.9,0,0,0,0,0,0,0,0,0.0,0.0,0.0,0.0,0.0,aaab3072,32.0,DF,3,260,Jordan
Sherzod Nasrullaev,DFMF,uz Uzbekistan,27,1.uz FC Nasaf,1998,3,3,180,2.0,0,0,0,0,0,0,1,0,0.0,0.0,0.0,0.0,0.0,aeb0c7f7,27.0,DF,3,180,Uzbekistan
Iliman Ndiaye,FW,sn Senegal,26,1.eng Everton,2000,3,1,114,1.3,1,2,3,1,0,0,0,0,0.79,1.58,2.37,0.79,2.37,5ed97752,26.0,FW,1,114,Senegal
Dan Ndoye,MFFW,ch Switzerland,25,1.eng Nottingham,2000,6,5,406,4.5,2,0,2,2,0,0,0,0,0.44,0.0,0.44,0.44,0.44,8e697a8f,25.0,MF,5,406,Switzerland
Ali Nemati,DF,ir IR Iran,30,1.ir Foolad,1996,3,3,270,3.0,0,0,0,0,0,0,1,0,0.0,0.0,0.0,0.0,0.0,19a221f7,30.0,DF,3,270,IR Iran
Abduvohid Nematov,GK,uz Uzbekistan,25,1.uz FC Nasaf,2001,2,2,180,2.0,0,0,0,0,0,0,0,0,0.0,0.0,0.0,0.0,0.0,25e45f2a,25.0,GK,2,180,Uzbekistan
Pedro Neto,MF,pt Portugal,26,1.eng Chelsea,2000,5,5,350,3.9,0,1,1,0,0,0,0,0,0.0,0.26,0.26,0.0,0.26,7ba2eaa9,26.0,MF,5,350,Portugal
Manuel Neuer,GK,de Germany,40,1.de Bayern Munich,1986,4,4,390,4.3,0,0,0,0,0,0,0,0,0.0,0.0,0.0,0.0,0.0,8778c910,40.0,GK,4,390,Germany
João Neves,MF,pt Portugal,21,1.fr PSG,2004,5,4,390,4.3,1,0,1,1,0,0,0,0,0.23,0.0,0.23,0.23,0.23,c2a15a27,21.0,MF,4,390,Portugal
Rúben Neves,MF,pt Portugal,29,1.sa Al-Hilal,1997,2,1,55,0.6,0,0,0,0,0,0,0,0,0.0,0.0,0.0,0.0,0.0,44bfb6c5,29.0,MF,1,55,Portugal
Nathan Ngoy,DF,be Belgium,23,1.fr Lille,2003,4,4,335,3.7,0,0,0,0,0,0,0,1,0.0,0.0,0.0,0.0,0.0,eb7abf2e,23.0,DF,4,335,Belgium
Moussa Niakhaté,DF,sn Senegal,30,1.fr Lyon,1996,4,4,390,4.3,0,1,1,0,0,0,0,0,0.0,0.23,0.23,0.0,0.23,00242715,30.0,DF,4,390,Senegal
Felix Nmecha,MF,de Germany,25,1.de Dortmund,2000,4,4,270,3.0,1,1,2,1,0,0,0,0,0.33,0.33,0.67,0.33,0.67,091c86e2,25.0,MF,4,270,Germany
Kristoffer Nordfeldt,GK,se Sweden,36,1.se AIK Stockholm,1989,2,2,180,2.0,0,0,0,0,0,0,0,0,0.0,0.0,0.0,0.0,0.0,78549904,36.0,GK,2,180,Sweden
Ernest Nuamah,MF,gh Ghana,22,1.fr Lyon,2003,3,1,89,1.0,0,1,1,0,0,0,0,0,0.0,1.01,1.01,0.0,1.01,234a703c,22.0,MF,1,89,Ghana
Darwin Núñez,FW,uy Uruguay,26,1.sa Al-Hilal,1999,3,2,156,1.7,0,0,0,0,0,0,0,0,0.0,0.0,0.0,0.0,0.0,4d77b365,26.0,FW,2,156,Uruguay
Antonio Nusa,FW,no Norway,21,1.de RB Leipzig,2005,6,4,318,3.5,1,0,1,1,0,0,1,0,0.28,0.0,0.28,0.28,0.28,4ab12002,21.0,FW,4,318,Norway
Benjamin Nygren,MF,se Sweden,24,1.sct Celtic,2001,4,2,130,1.4,0,0,0,0,0,0,0,0,0.0,0.0,0.0,0.0,0.0,d6ebf67f,24.0,MF,2,130,Sweden
Ørjan Nyland,GK,no Norway,35,1.es Sevilla,1990,5,5,480,5.3,0,0,0,0,0,0,0,0,0.0,0.0,0.0,0.0,0.0,bdedffac,35.0,GK,5,480,Norway
Aiden O'Neill,MF,au Australia,27,1.us NYCFC,1998,4,4,360,4.0,0,0,0,0,0,0,0,0,0.0,0.0,0.0,0.0,0.0,c7aee75b,27.0,MF,4,360,Australia
Nico O'Reilly,DF,eng England,21,1.eng Manchester City,2005,7,5,461,5.1,0,0,0,0,0,0,1,0,0.0,0.0,0.0,0.0,0.0,91ca4a16,21.0,DF,5,461,England
Armando Obispo,DF,cw Curaçao,27,1.nl PSV,1999,3,3,270,3.0,0,0,0,0,0,0,0,0,0.0,0.0,0.0,0.0,0.0,2ffa6348,27.0,DF,3,270,Curaçao
Ime Okon,DF,za South Africa,22,2.de Hannover 96,2004,4,4,360,4.0,0,0,0,0,0,0,0,0,0.0,0.0,0.0,0.0,0.0,3cb58055,22.0,DF,4,360,South Africa
Paul Okon-Engstler,MF,au Australia,21,1.au Sydney FC,2005,4,2,197,2.2,0,1,1,0,0,0,0,0,0.0,0.46,0.46,0.0,0.46,ecd6464a,21.0,MF,2,197,Australia
Michael Olise,MF,fr France,24,1.de Bayern Munich,2001,8,8,646,7.2,0,7,7,0,0,0,1,0,0.0,0.98,0.98,0.0,0.98,c4486bac,24.0,MF,8,646,France
Mathías Olivera,DF,uy Uruguay,28,1.it Napoli,1997,3,3,270,3.0,0,0,0,0,0,0,1,0,0.0,0.0,0.0,0.0,0.0,41c12f75,28.0,DF,3,270,Uruguay
Dani Olmo,MF,es Spain,28,1.es Barcelona,1998,8,6,491,5.5,0,2,2,0,0,0,0,0,0.0,0.37,0.37,0.0,0.37,ae44e8e2,28.0,MF,6,491,Spain
Tani Oluwaseyi,FW,ca Canada,26,1.es Villarreal,2000,5,3,259,2.9,0,0,0,0,0,0,0,0,0.0,0.0,0.0,0.0,0.0,950ef017,26.0,FW,3,259,Canada
Ali Olwan,MF,jo Jordan,26,1.qa Al-Sailiya SC,2000,3,3,268,3.0,1,0,1,1,0,0,0,0,0.34,0.0,0.34,0.34,0.34,33c1d68d,26.0,MF,3,268,Jordan
Amadou Onana,MF,be Belgium,24,1.eng Aston Villa,2001,4,2,106,1.2,0,0,0,0,0,0,0,0,0.0,0.0,0.0,0.0,0.0,828657ff,24.0,MF,2,106,Belgium
Christopher Opéri,DF,ci Côte d'Ivoire,29,1.tr Başakşehir,1997,1,1,90,1.0,0,0,0,0,0,0,0,0,0.0,0.0,0.0,0.0,0.0,914bb955,29.0,DF,1,90,Côte d'Ivoire
Jerome Opoku,DF,gh Ghana,27,1.tr Başakşehir,1998,3,3,270,3.0,0,0,0,0,0,0,0,0,0.0,0.0,0.0,0.0,0.0,091d6ee5,27.0,DF,3,270,Ghana
Joel Ordóñez,DF,ec Ecuador,22,1.be Club Brugge,2004,3,3,225,2.5,0,0,0,0,0,0,0,0,0.0,0.0,0.0,0.0,0.0,2990a15c,22.0,DF,3,225,Ecuador
Nicolás Otamendi,DF,ar Argentina,38,1.pt Benfica,1988,7,1,247,2.7,0,0,0,0,0,0,0,0,0.0,0.0,0.0,0.0,0.0,0d267745,38.0,DF,1,247,Argentina
Ayoub Al-Oui,DF,qa Qatar,21,1.qa Al-Gharafa Sports Club,2005,2,2,149,1.7,0,0,0,0,0,0,0,0,0.0,0.0,0.0,0.0,0.0,010e5bae,21.0,DF,2,149,Qatar
Azzedine Ounahi,MF,ma Morocco,26,1.es Girona,2000,6,5,435,4.8,2,0,2,2,0,0,1,0,0.41,0.0,0.41,0.41,0.41,83299cc0,26.0,MF,5,435,Morocco
Mohammed Al-Owais,GK,sa Saudi Arabia,34,1.sa Al-Ula,1991,3,3,270,3.0,0,0,0,0,0,0,0,0,0.0,0.0,0.0,0.0,0.0,f2c060c6,34.0,GK,3,270,Saudi Arabia
Elisha Owusu,MF,gh Ghana,28,1.fr Auxerre,1997,3,2,151,1.7,0,0,0,0,0,0,0,0,0.0,0.0,0.0,0.0,0.0,e2781082,28.0,MF,2,151,Ghana
Mikel Oyarzabal,FW,es Spain,29,1.es Real Sociedad,1997,8,8,601,6.7,5,1,6,4,1,1,0,0,0.75,0.15,0.9,0.6,0.75,8c3c640c,29.0,FW,8,601,Spain
Salih Özcan,MF,tr Türkiye,28,1.de Dortmund,1998,2,1,100,1.1,0,0,0,0,0,0,0,0,0.0,0.0,0.0,0.0,0.0,15413fa5,28.0,MF,1,100,Türkiye
Willian Pacho,DF,ec Ecuador,24,1.fr PSG,2001,4,4,360,4.0,0,0,0,0,0,0,0,0,0.0,0.0,0.0,0.0,0.0,ecbe2839,24.0,DF,4,360,Ecuador
Exequiel Palacios,DF,ar Argentina,27,1.de Leverkusen,1998,1,1,90,1.0,0,0,0,0,0,0,0,0,0.0,0.0,0.0,0.0,0.0,e82adcab,27.0,DF,1,90,Argentina
Lucas Paquetá,MF,br Brazil,28,1.br Flamengo,1997,4,4,233,2.6,0,1,1,0,0,0,0,0,0.0,0.39,0.39,0.0,0.39,9b6f7fd5,28.0,MF,4,233,Brazil
Leandro Paredes,MF,ar Argentina,31,1.ar Boca Juniors,1994,7,4,473,5.3,0,0,0,0,0,0,2,0,0.0,0.0,0.0,0.0,0.0,dff153a4,31.0,MF,4,473,Argentina
Thomas Partey,MF,gh Ghana,33,1.es Villarreal,1993,3,3,270,3.0,0,0,0,0,0,0,0,0,0.0,0.0,0.0,0.0,0.0,529f49ab,33.0,MF,3,270,Ghana
Marco Pašalić,MF,hr Croatia,25,1.us Orlando City,2000,3,1,99,1.1,0,0,0,0,0,0,0,0,0.0,0.0,0.0,0.0,0.0,1866b0f1,25.0,MF,1,99,Croatia
Mario Pašalić,MF,hr Croatia,31,1.it Atalanta,1995,4,1,123,1.4,0,0,0,0,0,0,0,0,0.0,0.0,0.0,0.0,0.0,e599253a,31.0,MF,1,123,Croatia
Nathan Patterson,DF,sct Scotland,24,1.eng Everton,2001,3,2,185,2.1,0,0,0,0,0,0,0,0,0.0,0.0,0.0,0.0,0.0,230f0471,24.0,DF,2,185,Scotland
João Paulo Fernandes,DF,cv Cabo Verde,28,1.ro FCSB,1998,2,1,105,1.2,0,0,0,0,0,0,0,0,0.0,0.0,0.0,0.0,0.0,afcac9da,28.0,DF,1,105,Cabo Verde
Aleksandar Pavlovic,MF,de Germany,22,1.de Bayern Munich,2004,4,4,272,3.0,0,0,0,0,0,0,1,0,0.0,0.0,0.0,0.0,0.0,2658c82f,22.0,MF,4,272,Germany
Tim Payne,DF,nz New Zealand,32,1.au Wellington,1994,3,3,224,2.5,0,1,1,0,0,0,0,0,0.0,0.4,0.4,0.0,0.4,4e86877c,32.0,DF,3,224,New Zealand
Nicolás Paz,MF,ar Argentina,21,1.it Como,2004,2,1,71,0.8,0,0,0,0,0,0,0,0,0.0,0.0,0.0,0.0,0.0,01bb93d5,21.0,MF,1,71,Argentina
Marcus Pedersen,DF,no Norway,25,1.it Torino,2000,4,1,236,2.6,1,0,1,1,0,0,0,0,0.38,0.0,0.38,0.38,0.38,596cc50e,25.0,DF,1,236,Norway
Pedri,MF,es Spain,23,1.es Barcelona,2002,8,5,499,5.5,0,0,0,0,0,0,1,0,0.0,0.0,0.0,0.0,0.0,0d9b2d31,23.0,MF,5,499,Spain
Nicolas Pépé,FW,ci Côte d'Ivoire,31,1.es Villarreal,1995,4,3,234,2.6,2,1,3,2,0,0,1,0,0.77,0.38,1.15,0.77,1.15,57e3f0c7,31.0,FW,3,234,Côte d'Ivoire
Ricardo Pepi,FW,us USA,23,1.nl PSV,2003,5,2,204,2.3,0,0,0,0,0,0,0,0,0.0,0.0,0.0,0.0,0.0,a2b1ed42,23.0,FW,2,204,USA
Ivan Perišić,MFDF,hr Croatia,37,1.nl PSV,1989,4,4,360,4.0,1,1,2,1,0,0,2,0,0.25,0.25,0.5,0.25,0.5,6fe90922,37.0,MF,4,360,Croatia
Jordan Pickford,GK,eng England,32,1.eng Everton,1994,7,7,660,7.3,0,0,0,0,0,0,0,0,0.0,0.0,0.0,0.0,0.0,4806ec67,32.0,GK,7,660,England
Pico,DF,cv Cabo Verde,33,1.ie Shamrock,1992,4,4,390,4.3,0,0,0,0,0,0,0,0,0.0,0.0,0.0,0.0,0.0,faef0f92,33.0,DF,4,390,Cabo Verde
Frantzdy Pierrot,FW,ht Haiti,31,1.tr Rizespor,1995,3,2,143,1.6,0,0,0,0,0,0,1,0,0.0,0.0,0.0,0.0,0.0,307877be,31.0,FW,2,143,Haiti
Kevin Pina,MF,cv Cabo Verde,29,1.ru Krasnodar,1997,4,4,349,3.9,1,0,1,1,0,0,1,0,0.26,0.0,0.26,0.26,0.26,296026ae,29.0,MF,4,349,Cabo Verde
Wagner Pina,DF,cv Cabo Verde,23,1.tr Trabzonspor,2002,1,1,89,1.0,0,0,0,0,0,0,1,0,0.0,0.0,0.0,0.0,0.0,9bf22b95,23.0,DF,1,89,Cabo Verde
Isidro Pitta,FW,py Paraguay,26,1.br RB Bragantino,1999,1,1,45,0.5,0,0,0,0,0,0,0,0,0.0,0.0,0.0,0.0,0.0,e9fc7295,26.0,FW,1,45,Paraguay
Johny Placide,GK,ht Haiti,38,2.fr Bastia,1988,3,3,270,3.0,0,0,0,0,0,0,1,0,0.0,0.0,0.0,0.0,0.0,f1666a9d,38.0,GK,3,270,Haiti
Gonzalo Plata,FW,ec Ecuador,25,1.br Flamengo,2000,4,4,360,4.0,1,0,1,1,0,0,1,0,0.25,0.0,0.25,0.25,0.25,54bcdeb0,25.0,FW,4,360,Ecuador
Marin Pongračić,DF,hr Croatia,28,1.it Fiorentina,1997,3,3,270,3.0,0,0,0,0,0,0,0,0,0.0,0.0,0.0,0.0,0.0,2a6cd437,28.0,DF,3,270,Croatia
Pedro Porro,DF,es Spain,26,1.eng Tottenham,1999,6,6,563,6.3,2,0,2,2,0,0,0,0,0.32,0.0,0.32,0.32,0.32,27d0a506,26.0,DF,6,563,Spain
Stefan Posch,DF,at Austria,29,1.de Mainz 05,1997,4,4,331,3.7,0,0,0,0,0,0,2,0,0.0,0.0,0.0,0.0,0.0,7f609bfc,29.0,DF,4,331,Austria
Ruben Providence,MF,ht Haiti,24,2.nl Almere City,2001,3,3,220,2.4,0,0,0,0,0,0,0,0,0.0,0.0,0.0,0.0,0.0,26bab383,24.0,MF,3,220,Haiti
Lukáš Provod,FW,cz Czechia,29,1.cz Slavia Prague,1996,3,1,122,1.4,0,0,0,0,0,0,0,0,0.0,0.0,0.0,0.0,0.0,8f21b7bd,29.0,FW,1,122,Czechia
Gustavo Puerta,MF,co Colombia,22,2.es Racing Sant,2003,5,5,469,5.2,0,1,1,0,0,0,1,0,0.0,0.19,0.19,0.0,0.19,2c08cab0,22.0,MF,5,469,Colombia
Christian Pulisic,MF,us USA,27,1.it Milan,1998,4,3,223,2.5,0,1,1,0,0,0,0,0,0.0,0.4,0.4,0.0,0.4,1bf33a9a,27.0,MF,3,223,USA
Ahmed Qasem,MFFW,iq Iraq,22,1.us Nashville SC,2003,3,2,123,1.4,0,0,0,0,0,0,0,0,0.0,0.0,0.0,0.0,0.0,27219ecb,22.0,MF,2,123,Iraq
Jarell Quansah,DF,eng England,23,1.de Leverkusen,2003,3,3,197,2.2,0,0,0,0,0,0,1,1,0.0,0.0,0.0,0.0,0.0,4125cb98,23.0,DF,3,197,England
Julián Quiñones,FWMF,mx Mexico,29,1.sa Al-Qadsiah,1997,5,5,410,4.6,4,1,5,4,0,0,0,0,0.88,0.22,1.1,0.88,1.1,5535c728,29.0,FW,5,410,Mexico
Ramy Rabia,DF,eg Egypt,33,1.ae Al Ain,1993,5,3,372,4.1,0,0,0,0,0,0,0,0,0.0,0.0,0.0,0.0,0.0,e32afa36,33.0,DF,3,372,Egypt
Adrien Rabiot,MF,fr France,31,1.it Milan,1995,7,7,585,6.5,0,1,1,0,0,0,1,0,0.0,0.15,0.15,0.0,0.15,8794e251,31.0,MF,7,585,France
Stjepan Radeljić,DF,ba Bosnia–Herz,28,1.hr Rijeka,1997,2,2,180,2.0,0,0,0,0,0,0,1,0,0.0,0.0,0.0,0.0,0.0,30e03a25,28.0,DF,2,180,Bosnia–Herz
Jiovany Ramos,DF,pa Panama,29,1.ve Puerto Cabello,1997,2,2,166,1.8,0,0,0,0,0,0,0,0,0.0,0.0,0.0,0.0,0.0,30cda59f,29.0,DF,2,166,Panama
Raúl Rangel,GK,mx Mexico,26,1.mx Guadalajara,2000,5,5,437,4.9,0,0,0,0,0,0,0,0,0.0,0.0,0.0,0.0,0.0,15f733fb,26.0,GK,5,437,Mexico
Raphinha,MFFW,br Brazil,29,1.es Barcelona,1996,2,2,129,1.4,0,0,0,0,0,0,0,0,0.0,0.0,0.0,0.0,0.0,3423f250,29.0,MF,2,129,Brazil
Nizar Al Rashdan,MF,jo Jordan,27,1.qa Qatar SC,1999,3,3,255,2.8,1,0,1,1,0,0,0,0,0.35,0.0,0.35,0.35,0.35,feaa0ffd,27.0,MF,3,255,Jordan
Marcus Rashford,MF,eng England,28,1.es Barcelona,1997,6,3,223,2.5,1,1,2,1,0,0,0,0,0.4,0.4,0.81,0.4,0.81,a1d5bd30,28.0,MF,3,223,England
Nicolas Raskin,MF,be Belgium,25,1.sct Rangers,2001,6,3,341,3.8,0,2,2,0,0,0,0,0,0.0,0.53,0.53,0.0,0.53,dba1f190,25.0,MF,3,341,Belgium
David Raum,DF,de Germany,28,1.de RB Leipzig,1998,2,1,108,1.2,0,0,0,0,0,0,0,0,0.0,0.0,0.0,0.0,0.0,7d450ed3,28.0,DF,1,108,Germany
Noor Al Rawabdeh,MF,jo Jordan,29,1.my Selangor FA,1997,3,3,270,3.0,0,1,1,0,0,0,0,0,0.0,0.33,0.33,0.0,0.33,3bb06c86,29.0,MF,3,270,Jordan
Rayan,FWMF,br Brazil,19,1.eng Bournemouth,2006,4,3,288,3.2,0,1,1,0,0,0,0,0,0.0,0.31,0.31,0.0,0.31,288647fc,19.0,FW,3,288,Brazil
Iqraam Rayners,FW,za South Africa,30,1.za Sundowns,1995,4,2,161,1.8,0,0,0,0,0,0,0,0,0.0,0.0,0.0,0.0,0.0,190b0d5e,30.0,FW,2,161,South Africa
Tim Ream,DF,us USA,38,1.us Charlotte,1987,4,4,360,4.0,0,0,0,0,0,0,0,0,0.0,0.0,0.0,0.0,0.0,28b40c9c,38.0,DF,4,360,USA
Tijjani Reijnders,MF,nl Netherlands,27,1.eng Manchester City,1998,3,3,199,2.2,0,1,1,0,0,0,0,0,0.0,0.45,0.45,0.0,0.45,afb61630,27.0,MF,3,199,Netherlands
Omar Rekik,DF,tn Tunisia,24,1.si NK Maribor,2001,2,2,180,2.0,1,0,1,1,0,0,0,0,0.5,0.0,0.5,0.5,0.5,e69e0f7b,24.0,DF,2,180,Tunisia
Israel Reyes,DF,mx Mexico,26,1.mx América,2000,4,2,202,2.2,0,0,0,0,0,0,0,0,0.0,0.0,0.0,0.0,0.0,0db8bbc4,26.0,DF,2,202,Mexico
Gio Reyna,MF,us USA,23,1.de Gladbach,2002,5,1,131,1.5,1,0,1,1,0,0,0,0,0.69,0.0,0.69,0.69,0.69,7fa4e703,23.0,MF,1,131,USA
Ramin Rezaeian,DFMF,ir IR Iran,36,1.ir Foolad,1990,3,3,270,3.0,2,1,3,2,0,0,0,0,0.67,0.33,1.0,0.67,1.0,c0ae3446,36.0,DF,3,270,IR Iran
Chadi Riad,DF,ma Morocco,22,1.eng Crystal Palace,2003,4,4,344,3.8,0,1,1,0,0,0,0,0,0.0,0.26,0.26,0.0,0.26,b3b9b8b8,22.0,DF,4,344,Morocco
Declan Rice,MF,eng England,27,1.eng Arsenal,1999,7,7,557,6.2,1,2,3,1,0,0,2,0,0.16,0.32,0.48,0.16,0.48,1c7012b8,27.0,MF,7,557,England
Chris Richards,DF,us USA,26,1.eng Crystal Palace,2000,4,4,360,4.0,0,0,0,0,0,0,1,0,0.0,0.0,0.0,0.0,0.0,0a3d6d2b,26.0,DF,4,360,USA
Fabian Rieder,MFFW,ch Switzerland,24,1.de Augsburg,2002,5,3,302,3.4,0,0,0,0,0,0,0,0,0.0,0.0,0.0,0.0,0.0,c2bd8585,24.0,MF,3,302,Switzerland
Ró-Ró,DF,qa Qatar,35,1.qa Al Sadd,1990,3,3,270,3.0,0,0,0,0,0,0,0,0,0.0,0.0,0.0,0.0,0.0,8735fe66,35.0,DF,3,270,Qatar
Andy Robertson,DF,sct Scotland,32,1.eng Liverpool,1994,3,3,225,2.5,0,0,0,0,0,0,1,0,0.0,0.0,0.0,0.0,0.0,2e4f5f03,32.0,DF,3,225,Scotland
Antonee Robinson,DFMF,us USA,28,1.eng Fulham,1997,4,4,348,3.9,0,0,0,0,0,0,1,0,0.0,0.0,0.0,0.0,0.0,289601e6,28.0,DF,4,348,USA
Miles Robinson,DF,us USA,29,1.us FC Cincinnati,1997,1,1,90,1.0,0,0,0,0,0,0,0,0,0.0,0.0,0.0,0.0,0.0,782a95d9,29.0,DF,1,90,USA
Rodri,MF,es Spain,29,1.eng Manchester City,1996,8,8,724,8.0,0,0,0,0,0,0,0,0,0.0,0.0,0.0,0.0,0.0,6434f10d,29.0,MF,8,724,Spain
Garry Rodrigues,MF,cv Cabo Verde,35,1.cy Apollon Limassol,1990,2,1,76,0.8,0,0,0,0,0,0,0,0,0.0,0.0,0.0,0.0,0.0,149895bf,35.0,MF,1,76,Cabo Verde
James Rodríguez,FWMF,co Colombia,34,1.us Minnesota Utd,1991,5,5,313,3.5,0,0,0,0,0,0,0,0,0.0,0.0,0.0,0.0,0.0,715bf047,34.0,FW,5,313,Colombia
Ricardo Rodríguez,DF,ch Switzerland,33,1.es Real Betis,1992,6,6,517,5.7,0,1,1,0,0,0,0,0,0.0,0.17,0.17,0.0,0.17,7f78ad23,33.0,DF,6,517,Switzerland
Tomás Rodríguez,FW,pa Panama,27,1.cr Saprissa,1999,2,1,46,0.5,0,0,0,0,0,0,0,0,0.0,0.0,0.0,0.0,0.0,59f97bc8,27.0,FW,1,46,Panama
Morgan Rogers,MF,eng England,23,1.eng Aston Villa,2002,7,3,339,3.8,0,1,1,0,0,0,0,0,0.0,0.27,0.27,0.0,0.27,2e5915f1,23.0,MF,3,339,England
Cristian Romero,DF,ar Argentina,28,1.eng Tottenham,1998,7,7,608,6.8,1,0,1,1,0,0,2,0,0.15,0.0,0.15,0.15,0.15,a3d94a58,28.0,DF,7,608,Argentina
Luis Romo,MF,mx Mexico,31,1.mx Guadalajara,1995,4,4,264,2.9,1,1,2,1,0,0,0,0,0.34,0.34,0.68,0.34,0.68,e590bb10,31.0,MF,4,264,Mexico
Cristiano Ronaldo,FW,pt Portugal,41,1.sa Al-Nassr,1985,5,5,440,4.9,3,0,3,2,1,1,0,0,0.61,0.0,0.61,0.41,0.41,dea698d9,41.0,FW,5,440,Portugal
Eloy Room,GK,cw Curaçao,37,2.us Miami FC,1989,3,3,270,3.0,0,0,0,0,0,0,0,0,0.0,0.0,0.0,0.0,0.0,6b33d86b,37.0,GK,3,270,Curaçao
Antonio Rüdiger,DF,de Germany,33,1.es Real Madrid,1993,4,2,262,2.9,0,0,0,0,0,0,0,0,0.0,0.0,0.0,0.0,0.0,18b896d6,33.0,DF,2,262,Germany
Fabián Ruiz Peña,MF,es Spain,30,1.fr PSG,1996,8,4,321,3.6,1,0,1,1,0,0,0,0,0.28,0.0,0.28,0.28,0.28,c0c7ff58,30.0,MF,4,321,Spain
Julian Ryerson,DF,no Norway,28,1.de Dortmund,1997,4,4,223,2.5,0,0,0,0,0,0,0,0,0.0,0.0,0.0,0.0,0.0,009a4f60,28.0,DF,4,223,Norway
Elias Saad,MFFW,tn Tunisia,26,2.de Hannover 96,1999,2,2,116,1.3,0,0,0,0,0,0,0,0,0.0,0.0,0.0,0.0,0.0,78a2284f,26.0,MF,2,116,Tunisia
Mahmoud Saber,MF,eg Egypt,24,1.eg ZED,2001,2,1,46,0.5,1,0,1,1,0,0,1,0,1.96,0.0,1.96,1.96,1.96,632c42f5,24.0,MF,1,46,Egypt
Marcel Sabitzer,MF,at Austria,32,1.de Dortmund,1994,4,4,360,4.0,1,0,1,1,0,0,1,0,0.25,0.0,0.25,0.25,0.25,e280527c,32.0,MF,4,360,Austria
Noah Sadiki,MF,cd Congo DR,21,1.eng Sunderland,2004,4,2,259,2.9,0,0,0,0,0,0,2,0,0.0,0.0,0.0,0.0,0.0,645481cc,21.0,MF,2,259,Congo DR
Michal Sadílek,MF,cz Czechia,27,1.cz Slavia Prague,1999,3,2,183,2.0,1,0,1,1,0,0,0,0,0.49,0.0,0.49,0.49,0.49,7c9fa389,27.0,MF,2,183,Czechia
Alexis Saelemaekers,MF,be Belgium,26,1.it Milan,1999,4,1,83,0.9,1,0,1,1,0,0,0,0,1.08,0.0,1.08,1.08,1.08,ee251371,26.0,MF,1,83,Belgium
Ismael Saibari,FW,ma Morocco,25,1.nl PSV,2001,5,5,381,4.2,3,0,3,3,0,0,0,0,0.71,0.0,0.71,0.71,0.71,3ec9f005,25.0,FW,5,381,Morocco
Bukayo Saka,MF,eng England,24,1.eng Arsenal,2001,7,3,358,4.0,3,3,6,2,1,1,0,0,0.75,0.75,1.51,0.5,1.26,bc7dc64d,24.0,MF,3,358,England
Mohamed Salah,FWMF,eg Egypt,33,1.eng Liverpool,1992,5,5,425,4.7,1,2,3,1,0,0,0,0,0.21,0.42,0.64,0.21,0.64,e342ad68,33.0,FW,5,425,Egypt
Anass Salah-Eddine,DF,ma Morocco,24,1.nl PSV,2002,4,2,212,2.4,0,0,0,0,0,0,0,0,0.0,0.0,0.0,0.0,0.0,0d274394,24.0,DF,2,212,Morocco
Nathan Saliba,MF,ca Canada,22,1.be Anderlecht,2004,3,2,182,2.0,1,2,3,1,0,0,1,0,0.49,0.99,1.48,0.49,1.48,44cfc681,22.0,MF,2,182,Canada
William Saliba,DF,fr France,25,1.eng Arsenal,2001,6,6,479,5.3,0,0,0,0,0,0,0,0,0.0,0.0,0.0,0.0,0.0,972aeb2a,25.0,DF,6,479,France
Antonio Sanabria,FW,py Paraguay,30,1.it Cremonese,1996,2,1,83,0.9,0,0,0,0,0,0,0,0,0.0,0.0,0.0,0.0,0.0,0a447501,30.0,FW,1,83,Paraguay
Davinson Sánchez,DF,co Colombia,30,1.tr Galatasaray,1996,5,5,480,5.3,0,0,0,0,0,0,1,0,0.0,0.0,0.0,0.0,0.0,da7b447d,30.0,DF,5,480,Colombia
Jorge Sánchez,DF,mx Mexico,28,1.gr PAOK,1997,4,4,348,3.9,0,1,1,0,0,0,1,0,0.0,0.26,0.26,0.0,0.26,c8d1c3a5,28.0,DF,4,348,Mexico
Leroy Sané,MF,de Germany,30,1.tr Galatasaray,1996,4,4,326,3.6,1,0,1,1,0,0,0,0,0.28,0.0,0.28,0.28,0.28,2b114be3,30.0,MF,4,326,Germany
Ibrahim Sangaré,MF,ci Côte d'Ivoire,28,1.eng Nottingham,1997,4,3,268,3.0,0,1,1,0,0,0,0,0,0.0,0.34,0.34,0.0,0.34,bced0375,28.0,MF,3,268,Côte d'Ivoire
Kaishū Sano,MF,jp Japan,25,1.de Mainz 05,2000,3,3,270,3.0,1,1,2,1,0,0,1,0,0.33,0.33,0.67,0.33,0.67,7a7a6361,25.0,MF,3,270,Japan
Douglas Santos,DF,br Brazil,32,1.ru Zenit,1994,5,5,441,4.9,0,0,0,0,0,0,1,0,0.0,0.0,0.0,0.0,0.0,c50e5bba,32.0,DF,5,441,Brazil
Ismaila Sarr,MFFW,sn Senegal,28,1.eng Crystal Palace,1998,4,4,364,4.0,4,1,5,4,0,0,0,0,0.99,0.25,1.24,0.99,1.24,bfdb33aa,28.0,MF,4,364,Senegal
Joe Scally,DF,us USA,23,1.de Gladbach,2002,2,1,87,1.0,0,0,0,0,0,0,0,0,0.0,0.0,0.0,0.0,0.0,236f02cd,23.0,DF,1,87,USA
Patrik Schick,FW,cz Czechia,30,1.de Leverkusen,1996,3,2,180,2.0,0,0,0,0,0,0,0,0,0.0,0.0,0.0,0.0,0.0,5d4f7d61,30.0,FW,2,180,Czechia
Andreas Schjelderup,FW,no Norway,22,1.pt Benfica,2004,6,2,252,2.8,1,3,4,1,0,0,0,0,0.36,1.07,1.43,0.36,1.43,a427724f,22.0,FW,2,252,Norway
Alexander Schlager,GK,at Austria,30,1.at RB Salzburg,1996,4,4,360,4.0,0,0,0,0,0,0,0,0,0.0,0.0,0.0,0.0,0.0,6fe5c35b,30.0,GK,4,360,Austria
Xaver Schlager,MF,at Austria,28,1.de RB Leipzig,1997,4,4,238,2.6,0,1,1,0,0,0,0,0,0.0,0.38,0.38,0.0,0.38,8f056768,28.0,MF,4,238,Austria
Nico Schlotterbeck,DF,de Germany,26,1.de Dortmund,1999,2,2,135,1.5,1,0,1,1,0,0,0,0,0.67,0.0,0.67,0.67,0.67,34e12499,26.0,DF,2,135,Germany
Romano Schmid,MFFW,at Austria,26,1.de Werder Bremen,2000,4,4,263,2.9,1,0,1,1,0,0,0,0,0.34,0.0,0.34,0.34,0.34,220ace7e,26.0,MF,4,263,Austria
Abdoulaye Seck,DF,sn Senegal,34,1.il Maccabi Haifa,1992,1,1,57,0.6,0,1,1,0,0,0,1,0,0.0,1.58,1.58,0.0,1.58,f07a0fe5,34.0,DF,1,57,Senegal
Nicolas Seiwald,MF,at Austria,25,1.de RB Leipzig,2001,4,4,315,3.5,0,0,0,0,0,0,0,0,0.0,0.0,0.0,0.0,0.0,28c6e925,25.0,MF,4,315,Austria
Ayumu Seko,DF,jp Japan,26,1.fr Le Havre,2000,2,1,86,1.0,0,0,0,0,0,0,0,0,0.0,0.0,0.0,0.0,0.0,5c6a4059,26.0,DF,1,86,Japan
Egil Selvik,GK,no Norway,28,2.eng Watford,1997,1,1,90,1.0,0,0,0,0,0,0,0,0,0.0,0.0,0.0,0.0,0.0,05d89c1c,28.0,GK,1,90,Norway
Willy Semedo,FW,cv Cabo Verde,32,1.cy AC Omonia,1994,3,1,131,1.5,0,0,0,0,0,0,0,0,0.0,0.0,0.0,0.0,0.0,d1edc98f,32.0,FW,1,131,Cabo Verde
Antoine Semenyo,MFFW,gh Ghana,26,1.eng Manchester City,2000,4,4,360,4.0,0,0,0,0,0,0,0,0,0.0,0.0,0.0,0.0,0.0,efd2ec23,26.0,MF,4,360,Ghana
Marvin Senaya,DF,gh Ghana,25,1.fr Auxerre,2001,4,4,278,3.1,0,0,0,0,0,0,0,0,0.0,0.0,0.0,0.0,0.0,1d383c10,25.0,DF,4,278,Ghana
Marcos Senesi,DF,ar Argentina,29,1.eng Bournemouth,1997,2,1,109,1.2,0,0,0,0,0,0,0,0,0.0,0.0,0.0,0.0,0.0,35141f4c,29.0,DF,1,109,Argentina
Kim Seung-gyu,GK,kr Korea Republic,35,1.jp FC Tokyo,1990,3,3,270,3.0,0,0,0,0,0,0,0,0,0.0,0.0,0.0,0.0,0.0,eabaafa6,35.0,GK,3,270,Korea Republic
Paik Seung-ho,MF,kr Korea Republic,29,2.eng Birmingham City,1997,3,3,204,2.3,0,0,0,0,0,0,1,0,0.0,0.0,0.0,0.0,0.0,1e1bea09,29.0,MF,3,204,Korea Republic
Mohammed Abu Al-Shamat,MF,sa Saudi Arabia,23,1.sa Al-Qadsiah,2002,3,1,136,1.5,0,0,0,0,0,0,0,0,0.0,0.0,0.0,0.0,0.0,dd65e243,23.0,MF,1,136,Saudi Arabia
Lawrence Shankland,FW,sct Scotland,30,1.sct Hearts,1995,2,2,171,1.9,0,0,0,0,0,0,0,0,0.0,0.0,0.0,0.0,0.0,63b1a176,30.0,FW,2,171,Scotland
Mostafa Shobeir,GK,eg Egypt,26,1.eg Al Ahly,2000,5,5,480,5.3,0,0,0,0,0,0,1,0,0.0,0.0,0.0,0.0,0.0,0cb1d2ba,26.0,GK,5,480,Egypt
Eldor Shomurodov,FW,uz Uzbekistan,30,1.tr Başakşehir,1995,3,3,269,3.0,1,0,1,1,0,0,0,0,0.33,0.0,0.33,0.33,0.33,57469b2d,30.0,FW,3,269,Uzbekistan
Otabek Shukurov,MF,uz Uzbekistan,29,1.ae Baniyas FC,1996,3,3,237,2.6,0,0,0,0,0,0,0,0,0.0,0.0,0.0,0.0,0.0,62032a56,29.0,MF,3,237,Uzbekistan
Nkosinathi Sibisi,DF,za South Africa,30,1.za Orlando Pirates,1995,1,1,90,1.0,0,0,0,0,0,0,1,0,0.0,0.0,0.0,0.0,0.0,932f8e2b,30.0,DF,1,90,South Africa
Kwasi Sibo,MF,gh Ghana,27,1.es Oviedo,1998,4,3,248,2.8,0,0,0,0,0,0,0,0,0.0,0.0,0.0,0.0,0.0,be834ad7,27.0,MF,3,248,Ghana
Niko Sigur,MF,ca Canada,22,1.hr Hajduk Split,2003,3,1,126,1.4,0,0,0,0,0,0,1,0,0.0,0.0,0.0,0.0,0.0,5c56986b,22.0,MF,1,126,Canada
Bernardo Silva,MF,pt Portugal,31,1.eng Manchester City,1994,4,1,97,1.1,0,0,0,0,0,0,2,0,0.0,0.0,0.0,0.0,0.0,3eb22ec9,31.0,MF,1,97,Portugal
Giuliano Simeone,FW,ar Argentina,23,1.es Atlético Madrid,2002,3,2,192,2.1,0,0,0,0,0,0,0,0,0.0,0.0,0.0,0.0,0.0,a6536561,23.0,FW,2,192,Argentina
Unai Simón,GK,es Spain,29,1.es Athletic Club,1997,8,8,750,8.3,0,0,0,0,0,0,0,0,0.0,0.0,0.0,0.0,0.0,5dcf3e90,29.0,GK,8,750,Spain
Sarpreet Singh,MF,nz New Zealand,27,1.au Wellington,1999,3,3,209,2.3,0,0,0,0,0,0,1,0,0.0,0.0,0.0,0.0,0.0,4ba886c6,27.0,MF,3,209,New Zealand
Wilfried Singo,DF,ci Côte d'Ivoire,25,1.tr Galatasaray,2000,2,2,171,1.9,0,1,1,0,0,0,0,0,0.0,0.53,0.53,0.0,0.53,8b609c34,25.0,DF,2,171,Côte d'Ivoire
Sphephelo Sithole,MF,za South Africa,27,1.pt Tondela,1999,3,3,229,2.5,0,0,0,0,0,0,0,1,0.0,0.0,0.0,0.0,0.0,33bcd4b3,27.0,MF,3,229,South Africa
Ellyes Skhiri,MFDF,tn Tunisia,31,1.de Frankfurt,1995,3,3,250,2.8,0,0,0,0,0,0,0,0,0.0,0.0,0.0,0.0,0.0,c2211709,31.0,MF,3,250,Tunisia
Alexandr Sojka,MFDF,cz Czechia,23,1.cz Viktoria Plzeň,2003,3,2,141,1.6,0,1,1,0,0,0,0,0,0.0,0.64,0.64,0.0,0.64,765b7bfc,23.0,MF,2,141,Czechia
Tomáš Souček,MF,cz Czechia,31,1.eng West Ham,1995,3,1,137,1.5,0,0,0,0,0,0,0,0,0.0,0.0,0.0,0.0,0.0,6613c819,31.0,MF,1,137,Czechia
Harry Souttar,DF,au Australia,27,2.eng Leicester City,1998,4,4,390,4.3,0,0,0,0,0,0,1,0,0.0,0.0,0.0,0.0,0.0,0a6cb1b1,27.0,DF,4,390,Australia
Djibril Sow,MF,ch Switzerland,29,1.es Sevilla,1997,4,2,253,2.8,0,0,0,0,0,0,0,0,0.0,0.0,0.0,0.0,0.0,4c6facae,29.0,MF,2,253,Switzerland
Djed Spence,DF,eng England,25,1.eng Tottenham,2000,8,4,404,4.5,0,0,0,0,0,0,0,0,0.0,0.0,0.0,0.0,0.0,9bc9a519,25.0,DF,4,404,England
Marko Stamenic,MF,nz New Zealand,24,2.eng Swansea City,2002,3,3,269,3.0,0,0,0,0,0,0,1,0,0.0,0.0,0.0,0.0,0.0,690d1049,24.0,MF,3,269,New Zealand
Josip Stanišić,DFMF,hr Croatia,26,1.de Bayern Munich,2000,4,4,360,4.0,0,1,1,0,0,0,0,0,0.0,0.25,0.25,0.0,0.25,7ed08d5c,26.0,DF,4,360,Croatia
John Stones,DF,eng England,32,1.eng Manchester City,1994,5,3,330,3.7,0,0,0,0,0,0,0,0,0.0,0.0,0.0,0.0,0.0,5eecec3d,32.0,DF,3,330,England
Jørgen Strand Larsen,FW,no Norway,26,1.eng Crystal Palace,2000,2,1,105,1.2,0,0,0,0,0,1,0,0,0.0,0.0,0.0,0.0,0.0,f553b2b3,26.0,FW,1,105,Norway
Elliot Stroud,MF,se Sweden,23,1.se Mjällby,2002,4,2,166,1.8,0,0,0,0,0,0,0,0,0.0,0.0,0.0,0.0,0.0,ff11bdec,23.0,MF,2,166,Sweden
Luis Suárez,FW,co Colombia,28,1.pt Sporting CP,1997,5,3,331,3.7,0,1,1,0,0,0,1,0,0.0,0.27,0.27,0.0,0.27,eeba07f8,28.0,FW,3,331,Colombia
Petar Sučić,MFFW,hr Croatia,22,1.it Inter,2003,4,3,289,3.2,1,1,2,1,0,0,1,0,0.31,0.31,0.62,0.31,0.62,23fb46ea,22.0,MF,3,289,Croatia
Yukinari Sugawara,MF,jp Japan,25,1.de Werder Bremen,2000,4,1,148,1.6,0,0,0,0,0,0,0,0,0.0,0.0,0.0,0.0,0.0,580bcd18,25.0,MF,1,148,Japan
Rebin Sulaka,DF,iq Iraq,34,1.th Port FC,1992,2,1,43,0.5,0,0,0,0,0,0,0,1,0.0,0.0,0.0,0.0,0.0,928bec06,34.0,DF,1,43,Iraq
Pavel Šulc,FW,cz Czechia,25,1.fr Lyon,2000,3,2,189,2.1,0,0,0,0,0,0,0,0,0.0,0.0,0.0,0.0,0.0,e9b893af,25.0,FW,2,189,Czechia
Kamaldeen Sulemana,MFFW,gh Ghana,24,1.us Atlanta Utd,2002,2,2,127,1.4,0,0,0,0,0,0,0,0,0.0,0.0,0.0,0.0,0.0,a62f8bf1,24.0,MF,2,127,Ghana
Crysencio Summerville,FW,nl Netherlands,24,1.eng West Ham,2001,4,2,253,2.8,2,2,4,2,0,0,1,0,0.71,0.71,1.42,0.71,1.42,df04eb4b,24.0,FW,2,253,Netherlands
Ivan Šunjić,MF,ba Bosnia–Herz,29,1.cy Pafos FC,1996,4,3,196,2.2,0,0,0,0,0,0,0,0,0.0,0.0,0.0,0.0,0.0,e18098de,29.0,MF,3,196,Bosnia–Herz
Finn Surman,DF,nz New Zealand,22,1.us Portland Timbers,2003,3,3,270,3.0,1,0,1,1,0,0,0,0,0.33,0.0,0.33,0.33,0.33,016e419b,22.0,DF,3,270,New Zealand
Josip Šutalo,DF,hr Croatia,26,1.nl Ajax,2000,4,4,360,4.0,0,0,0,0,0,0,0,0,0.0,0.0,0.0,0.0,0.0,33a6a650,26.0,DF,4,360,Croatia
Zion Suzuki,GK,jp Japan,23,1.it Parma,2002,4,4,360,4.0,0,0,0,0,0,0,0,0,0.0,0.0,0.0,0.0,0.0,51e1f4f5,23.0,GK,4,360,Japan
Daniel Svensson,DF,se Sweden,24,1.de Dortmund,2002,3,1,98,1.1,0,0,0,0,0,0,0,0,0.0,0.0,0.0,0.0,0.0,124c9382,24.0,DF,1,98,Sweden
Alexander Sørloth,FW,no Norway,30,1.es Atlético Madrid,1995,5,5,337,3.7,0,0,0,0,0,0,0,0,0.0,0.0,0.0,0.0,0.0,e92cd3f7,30.0,FW,5,337,Norway
Musa Al-Taamari,FW,jo Jordan,29,1.fr Rennes,1997,3,2,215,2.4,1,1,2,1,0,0,0,0,0.42,0.42,0.84,0.42,0.84,f15f8b2b,29.0,FW,2,215,Jordan
Lee Tae-seok,MF,kr Korea Republic,23,1.at Austria Wien,2002,2,2,113,1.3,0,0,0,0,0,0,0,0,0.0,0.0,0.0,0.0,0.0,32257cce,23.0,MF,2,113,Korea Republic
Nicolás Tagliafico,DF,ar Argentina,33,1.fr Lyon,1992,7,5,476,5.3,0,0,0,0,0,0,0,0,0.0,0.0,0.0,0.0,0.0,f0661424,33.0,DF,5,476,Argentina
Jonathan Tah,DF,de Germany,30,1.de Bayern Munich,1996,4,4,372,4.1,0,0,0,0,0,0,0,0,0.0,0.0,0.0,0.0,0.0,bd142efb,30.0,DF,4,372,Germany
Benjamin Tahirovic,MF,ba Bosnia–Herz,23,1.dk Brøndby,2003,4,2,237,2.6,0,0,0,0,0,0,0,0,0.0,0.0,0.0,0.0,0.0,eb3022c3,23.0,MF,2,237,Bosnia–Herz
Zaid Tahseen,DF,iq Iraq,25,1.uz Pakhtakor Tashkent FK,2001,2,2,149,1.7,0,0,0,0,0,0,1,0,0.0,0.0,0.0,0.0,0.0,f3380f7e,25.0,DF,2,149,Iraq
Chemsdine Talbi,MF,ma Morocco,21,1.eng Sunderland,2005,5,1,179,2.0,0,1,1,0,0,0,0,0,0.0,0.5,0.5,0.0,0.5,47ce793b,21.0,MF,1,179,Morocco
Montassar Talbi,DF,tn Tunisia,28,1.fr Lorient,1998,3,3,270,3.0,0,0,0,0,0,0,0,0,0.0,0.0,0.0,0.0,0.0,a4a44eb0,28.0,DF,3,270,Tunisia
Hassan Al Tambakti,DF,sa Saudi Arabia,27,1.sa Al-Hilal,1999,3,3,212,2.4,0,0,0,0,0,0,0,0,0.0,0.0,0.0,0.0,0.0,6d78c320,27.0,DF,3,212,Saudi Arabia
Ao Tanaka,MF,jp Japan,27,1.eng Leeds United,1998,3,2,193,2.1,0,0,0,0,0,0,0,0,0.0,0.0,0.0,0.0,0.0,1d36d6b6,27.0,MF,2,193,Japan
Shogo Taniguchi,DF,jp Japan,34,1.be Sint-Truiden,1991,3,2,232,2.6,0,0,0,0,0,0,1,0,0.0,0.0,0.0,0.0,0.0,828a9c47,34.0,DF,2,232,Japan
Mehdi Taremi,FW,ir IR Iran,33,1.gr Olympiacos,1992,3,3,259,2.9,0,0,0,0,0,1,0,0,0.0,0.0,0.0,0.0,0.0,4c2a5d34,33.0,FW,3,259,IR Iran
Aurélien Tchouaméni,MF,fr France,26,1.es Real Madrid,2000,4,4,360,4.0,0,1,1,0,0,0,1,0,0.0,0.25,0.25,0.0,0.25,4f255115,26.0,MF,4,360,France
Arthur Theate,DF,be Belgium,26,1.de Frankfurt,2000,3,2,228,2.5,0,0,0,0,0,0,0,0,0.0,0.0,0.0,0.0,0.0,df8d6029,26.0,DF,2,228,Belgium
Igor Thiago,FW,br Brazil,24,1.eng Brentford,2001,1,1,61,0.7,0,0,0,0,0,0,0,0,0.0,0.0,0.0,0.0,0.0,dc45ac24,24.0,FW,1,61,Brazil
Ryan Thomas,MF,nz New Zealand,31,1.nl Zwolle,1994,3,1,83,0.9,0,0,0,0,0,0,0,0,0.0,0.0,0.0,0.0,0.0,95efdac2,31.0,MF,1,83,New Zealand
Kristian Thorstvedt,MF,no Norway,27,1.it Sassuolo,1999,2,1,63,0.7,0,0,0,0,0,0,0,0,0.0,0.0,0.0,0.0,0.0,76ff8d0d,27.0,MF,1,63,Norway
Youri Tielemans,MF,be Belgium,29,1.eng Aston Villa,1997,5,5,474,5.3,2,0,2,1,1,1,0,0,0.38,0.0,0.38,0.19,0.19,56f7a928,29.0,MF,5,474,Belgium
Kieran Tierney,MF,sct Scotland,29,1.sct Celtic,1997,2,1,104,1.2,0,0,0,0,0,0,0,0,0.0,0.0,0.0,0.0,0.0,fce2302c,29.0,MF,1,104,Scotland
Malik Tillman,MF,us USA,24,1.de Leverkusen,2002,5,4,356,4.0,2,1,3,2,0,0,1,0,0.51,0.25,0.76,0.51,0.76,a5420709,24.0,MF,4,356,USA
Takehiro Tomiyasu,DF,jp Japan,27,1.nl Ajax,1998,3,2,184,2.0,0,0,0,0,0,0,0,0,0.0,0.0,0.0,0.0,0.0,b3af9be1,27.0,DF,2,184,Japan
Ivan Toney,FW,eng England,30,1.sa Al-Ahli,1996,2,1,79,0.9,0,0,0,0,0,0,0,0,0.0,0.0,0.0,0.0,0.0,e09f279b,30.0,FW,1,79,England
Ferran Torres,FW,es Spain,26,1.es Barcelona,2000,8,1,288,3.2,1,1,2,1,0,0,1,0,0.31,0.31,0.62,0.31,0.62,9e1035f8,26.0,FW,1,288,Spain
Sebastian Tounekti,FW,tn Tunisia,23,1.sct Celtic,2002,3,1,84,0.9,0,0,0,0,0,0,0,0,0.0,0.0,0.0,0.0,0.0,584fee1f,23.0,FW,1,84,Tunisia
Bazoumana Touré,MF,ci Côte d'Ivoire,20,1.de Hoffenheim,2006,3,1,80,0.9,0,0,0,0,0,0,0,0,0.0,0.0,0.0,0.0,0.0,93945a50,20.0,MF,1,80,Côte d'Ivoire
Mo Touré,FW,au Australia,22,2.eng Norwich City,2004,3,2,165,1.8,0,0,0,0,0,0,0,0,0.0,0.0,0.0,0.0,0.0,8ac64b4e,22.0,FW,2,165,Australia
Trézéguet,MF,eg Egypt,31,1.eg Al Ahly,1994,4,1,164,1.8,1,1,2,1,0,0,0,0,0.55,0.55,1.1,0.55,1.1,3ae14ed1,31.0,MF,1,164,Egypt
Leandro Trossard,MFFW,be Belgium,31,1.eng Arsenal,1994,6,6,506,5.6,2,2,4,2,0,0,0,0,0.36,0.36,0.71,0.36,0.71,38ceb24a,31.0,MF,6,506,Belgium
Auston Trusty,DF,us USA,27,1.sct Celtic,1998,2,1,101,1.1,1,0,1,1,0,0,0,0,0.89,0.0,0.89,0.89,0.89,cddf767b,27.0,DF,1,101,USA
Axel Tuanzebe,DF,cd Congo DR,28,1.eng Burnley,1997,4,4,360,4.0,0,0,0,0,0,0,0,0,0.0,0.0,0.0,0.0,0.0,2baec6ce,28.0,DF,4,360,Congo DR
Matt Turner,GK,us USA,31,1.us NE Revolution,1994,1,1,90,1.0,0,0,0,0,0,0,0,0,0.0,0.0,0.0,0.0,0.0,4a51ba65,31.0,GK,1,90,USA
Ayase Ueda,FW,jp Japan,27,1.nl Feyenoord,1998,4,4,321,3.6,2,1,3,2,0,0,0,0,0.56,0.28,0.84,0.56,0.84,c0295327,27.0,FW,4,321,Japan
Manuel Ugarte,MF,uy Uruguay,25,1.eng Manchester Utd,2001,3,3,184,2.0,0,0,0,0,0,0,0,0,0.0,0.0,0.0,0.0,0.0,c9817014,25.0,MF,3,184,Uruguay
Deniz Undav,FW,de Germany,29,1.de Stuttgart,1996,4,1,151,1.7,3,2,5,3,0,0,0,0,1.79,1.19,2.98,1.79,2.98,dd549382,29.0,FW,1,151,Germany
Dayot Upamecano,DF,fr France,27,1.de Bayern Munich,1998,8,7,660,7.3,0,1,1,0,0,0,0,0,0.0,0.14,0.14,0.0,0.14,d248cd8f,27.0,DF,7,660,France
Jakhongir Urozov,DF,uz Uzbekistan,22,1.uz FK Dinamo Samarqand,2004,2,1,95,1.1,0,0,0,0,0,0,0,0,0.0,0.0,0.0,0.0,0.0,71210bed,22.0,DF,1,95,Uzbekistan
Oston Urunov,MF,uz Uzbekistan,25,1.ir Persepolis,2000,2,1,63,0.7,0,0,0,0,0,0,0,0,0.0,0.0,0.0,0.0,0.0,56521adf,25.0,MF,1,63,Uzbekistan
Enner Valencia,FW,ec Ecuador,36,1.mx Pachuca,1989,4,4,287,3.2,0,0,0,0,0,0,0,0,0.0,0.0,0.0,0.0,0.0,fb485406,36.0,FW,4,287,Ecuador
Yan Valery,DF,tn Tunisia,27,1.ch Young Boys,1999,3,3,251,2.8,0,0,0,0,0,0,0,0,0.0,0.0,0.0,0.0,0.0,531a4aa8,27.0,DF,3,251,Tunisia
Federico Valverde,MF,uy Uruguay,27,1.es Real Madrid,1998,3,3,236,2.6,0,0,0,0,0,0,0,0,0.0,0.0,0.0,0.0,0.0,0959c2a2,27.0,MF,3,236,Uruguay
Virgil van Dijk,DF,nl Netherlands,34,1.eng Liverpool,1991,4,4,390,4.3,1,1,2,1,0,0,0,0,0.23,0.23,0.46,0.23,0.46,e06683ca,34.0,DF,4,390,Netherlands
Hans Vanaken,MF,be Belgium,33,1.be Club Brugge,1992,6,3,319,3.5,1,2,3,1,0,0,0,0,0.28,0.56,0.85,0.28,0.85,392a7aea,33.0,MF,3,319,Belgium
Guillermo Varela,DF,uy Uruguay,33,1.br Flamengo,1993,3,3,270,3.0,0,0,0,0,0,0,1,0,0.0,0.0,0.0,0.0,0.0,5c961282,33.0,DF,3,270,Uruguay
Camilo Vargas,GK,co Colombia,37,1.mx Atlas,1989,5,5,480,5.3,0,0,0,0,0,0,0,0,0.0,0.0,0.0,0.0,0.0,004e3d0f,37.0,GK,5,480,Colombia
Ruben Vargas,MF,ch Switzerland,27,1.es Sevilla,1998,6,3,284,3.2,2,1,3,2,0,0,0,0,0.63,0.32,0.95,0.63,0.95,6ecbddf6,27.0,MF,3,284,Switzerland
Nikola Vasilj,GK,ba Bosnia–Herz,30,1.de St Pauli,1995,4,4,360,4.0,0,0,0,0,0,0,0,0,0.0,0.0,0.0,0.0,0.0,f038585f,30.0,GK,4,360,Bosnia–Herz
Johan Vásquez,DF,mx Mexico,27,1.it Genoa,1998,4,4,360,4.0,0,0,0,0,0,0,1,0,0.0,0.0,0.0,0.0,0.0,5eaed77a,27.0,DF,4,360,Mexico
Renato Veiga,DF,pt Portugal,22,1.es Villarreal,2003,5,5,450,5.0,0,0,0,0,0,0,2,0,0.0,0.0,0.0,0.0,0.0,fc8fcbd1,22.0,DF,5,450,Portugal
Gustavo Velásquez,DF,py Paraguay,35,1.py Cerro Porteño,1991,5,2,246,2.7,0,0,0,0,0,0,0,0,0.0,0.0,0.0,0.0,0.0,b99b4cf5,35.0,DF,2,246,Paraguay
Nishan Velupillay,MF,au Australia,25,1.au Melb. Victory,2001,2,1,75,0.8,0,0,0,0,0,0,0,0,0.0,0.0,0.0,0.0,0.0,40cb6b33,25.0,MF,1,75,Australia
Micky van de Ven,DFMF,nl Netherlands,25,1.eng Tottenham,2001,3,3,265,2.9,0,0,0,0,0,0,1,0,0.0,0.0,0.0,0.0,0.0,8fe2a392,25.0,DF,3,265,Netherlands
Bart Verbruggen,GK,nl Netherlands,23,1.eng Brighton,2002,4,4,390,4.3,0,0,0,0,0,0,0,0,0.0,0.0,0.0,0.0,0.0,cf134113,23.0,GK,4,390,Netherlands
Matías Viña,DF,uy Uruguay,28,1.br Flamengo,1997,1,1,45,0.5,0,0,0,0,0,0,0,0,0.0,0.0,0.0,0.0,0.0,08eb3b58,28.0,DF,1,45,Uruguay
Federico Viñas,FW,uy Uruguay,27,1.es Oviedo,1998,3,2,192,2.1,0,0,0,0,0,0,0,0,0.0,0.0,0.0,0.0,0.0,d30c7094,27.0,FW,2,192,Uruguay
Denis Višinský,FW,cz Czechia,23,1.cz Viktoria Plzeň,2003,1,1,55,0.6,0,0,0,0,0,0,0,0,0.0,0.0,0.0,0.0,0.0,d5aac0e9,23.0,FW,1,55,Czechia
Pedro Vite,MF,ec Ecuador,24,1.mx UNAM,2002,4,4,360,4.0,0,1,1,0,0,0,0,0,0.0,0.25,0.25,0.0,0.25,9c146b36,24.0,MF,4,360,Ecuador
Vitinha,MF,pt Portugal,26,1.fr PSG,2000,5,5,376,4.2,0,0,0,0,0,0,0,0,0.0,0.0,0.0,0.0,0.0,3b029691,26.0,MF,5,376,Portugal
Nikola Vlašić,MF,hr Croatia,28,1.it Torino,1997,3,2,189,2.1,1,0,1,1,0,0,0,0,0.48,0.0,0.48,0.48,0.48,aa8e289e,28.0,MF,2,189,Croatia
Cristian Volpato,MF,au Australia,22,1.it Sassuolo,2003,3,2,160,1.8,0,0,0,0,0,0,0,0,0.0,0.0,0.0,0.0,0.0,72f87f25,22.0,MF,2,160,Australia
Vozinha,GK,cv Cabo Verde,40,2.pt Chaves,1986,4,4,390,4.3,0,0,0,0,0,0,0,0,0.0,0.0,0.0,0.0,0.0,dc04ac24,40.0,GK,4,390,Cabo Verde
Luka Vušković,DF,hr Croatia,19,1.de Hamburger SV,2007,1,1,65,0.7,0,0,0,0,0,0,0,0,0.0,0.0,0.0,0.0,0.0,fd6bdbce,19.0,DF,1,65,Croatia
Elye Wahi,FW,ci Côte d'Ivoire,23,1.fr Nice,2003,3,1,110,1.2,0,0,0,0,0,0,0,0,0.0,0.0,0.0,0.0,0.0,0d7b6576,23.0,FW,1,110,Côte d'Ivoire
Aaron Wan-Bissaka,DF,cd Congo DR,28,1.eng West Ham,1997,4,4,354,3.9,0,0,0,0,0,0,0,0,0.0,0.0,0.0,0.0,0.0,9e525177,28.0,DF,4,354,Congo DR
Paul Wanner,MF,at Austria,20,1.nl PSV,2005,4,2,234,2.6,0,0,0,0,0,0,0,0,0.0,0.0,0.0,0.0,0.0,cb64672e,20.0,MF,2,234,Austria
Tsuyoshi Watanabe,DF,jp Japan,29,1.nl Feyenoord,1997,2,1,90,1.0,0,0,0,0,0,0,0,0,0.0,0.0,0.0,0.0,0.0,d5f5955a,29.0,DF,1,90,Japan
Cecilio Waterman,FW,pa Panama,35,1.cl U Concepción,1991,2,1,76,0.8,0,0,0,0,0,0,0,0,0.0,0.0,0.0,0.0,0.0,ddd5637f,35.0,FW,1,76,Panama
Timothy Weah,MF,us USA,26,1.fr Marseille,2000,2,1,76,0.8,0,0,0,0,0,0,0,0,0.0,0.0,0.0,0.0,0.0,8eec784d,26.0,MF,1,76,USA
Jacob Widell Zetterström,GK,se Sweden,27,2.eng Derby County,1998,2,2,180,2.0,0,0,0,0,0,0,0,0,0.0,0.0,0.0,0.0,0.0,ac5120d8,27.0,GK,2,180,Sweden
Silvan Widmer,DF,ch Switzerland,33,1.de Mainz 05,1993,5,1,175,1.9,0,0,0,0,0,0,0,0,0.0,0.0,0.0,0.0,0.0,f68b64fc,33.0,DF,1,175,Switzerland
Iñaki Williams,MFFW,gh Ghana,31,1.es Athletic Club,1994,2,2,126,1.4,0,0,0,0,0,0,1,0,0.0,0.0,0.0,0.0,0.0,6a99e0b1,31.0,MF,2,126,Ghana
Ronwen Williams,GK,za South Africa,34,1.za Sundowns,1992,4,4,360,4.0,0,0,0,0,0,0,0,0,0.0,0.0,0.0,0.0,0.0,a66cc153,34.0,GK,4,360,South Africa
Florian Wirtz,MF,de Germany,23,1.eng Liverpool,2003,4,4,361,4.0,0,3,3,0,0,0,0,0,0.0,0.75,0.75,0.0,0.75,e7fcf289,23.0,MF,4,361,Germany
Yoane Wissa,FW,cd Congo DR,29,1.eng Newcastle,1996,4,4,360,4.0,3,0,3,2,1,1,0,0,0.75,0.0,0.75,0.5,0.5,2500cef9,29.0,FW,4,360,Congo DR
Chris Wood,FW,nz New Zealand,34,1.eng Nottingham,1991,3,3,270,3.0,0,2,2,0,0,0,0,0,0.0,0.67,0.67,0.0,0.67,4e9a0555,34.0,FW,3,270,New Zealand
Granit Xhaka,MF,ch Switzerland,33,1.eng Sunderland,1992,6,6,600,6.7,1,0,1,0,1,1,2,0,0.15,0.0,0.15,0.0,0.0,e61b8aee,33.0,MF,6,600,Switzerland
Lamine Yamal,MFFW,es Spain,18,1.es Barcelona,2007,8,7,614,6.8,1,0,1,1,0,0,0,0,0.15,0.0,0.15,0.15,0.15,82ec26c1,18.0,MF,7,614,Spain
John Yeboah,MF,ec Ecuador,25,2.it Venezia,2000,4,4,311,3.5,0,0,0,0,0,0,0,0,0.0,0.0,0.0,0.0,0.0,8dfdc6c3,25.0,MF,4,311,Ecuador
Kenan Yıldız,MF,tr Türkiye,21,1.it Juventus,2005,3,2,218,2.4,0,0,0,0,0,0,0,0,0.0,0.0,0.0,0.0,0.0,d8cda243,21.0,MF,2,218,Türkiye
Caleb Yirenkyi,MF,gh Ghana,20,1.dk Nordsjælland,2006,4,3,264,2.9,1,0,1,1,0,0,2,0,0.34,0.0,0.34,0.34,0.34,d40ce7b0,20.0,MF,3,264,Ghana
Seol Young-woo,MF,kr Korea Republic,27,1.rs Red Star,1998,3,3,250,2.8,0,0,0,0,0,0,0,0,0.0,0.0,0.0,0.0,0.0,8e577e1d,27.0,MF,3,250,Korea Republic
Aria Yousefi,MF,ir IR Iran,24,1.ir Sepahan,2002,1,1,45,0.5,0,0,0,0,0,0,0,0,0.0,0.0,0.0,0.0,0.0,fd069512,24.0,MF,1,45,IR Iran
İsmail Yüksek,MF,tr Türkiye,27,1.tr Fenerbahçe,1999,2,2,139,1.5,0,0,0,0,0,0,0,0,0.0,0.0,0.0,0.0,0.0,6c5af908,27.0,MF,2,139,Türkiye
Utkir Yusupov,GK,uz Uzbekistan,35,1.uz Navbahor,1991,1,1,90,1.0,0,0,0,0,0,0,0,0,0.0,0.0,0.0,0.0,0.0,31caffaf,35.0,GK,1,90,Uzbekistan
Warren Zaïre-Emery,MF,fr France,20,1.fr PSG,2006,2,1,110,1.2,0,0,0,0,0,0,0,0,0.0,0.0,0.0,0.0,0.0,6b9960cf,20.0,MF,1,110,France
Denis Zakaria,DF,ch Switzerland,29,1.fr Monaco,1996,4,4,357,4.0,0,0,0,0,0,0,2,0,0.0,0.0,0.0,0.0,0.0,384d58d9,29.0,DF,4,357,Switzerland
Jaroslav Zelený,MF,cz Czechia,33,1.cz Sparta Prague,1992,2,1,126,1.4,0,0,0,0,0,0,0,0,0.0,0.0,0.0,0.0,0.0,bc647827,33.0,MF,1,126,Czechia
Ramiz Zerrouki,MF,dz Algeria,28,1.nl Twente,1998,3,2,111,1.2,0,0,0,0,0,0,1,0,0.0,0.0,0.0,0.0,0.0,c762b1a6,28.0,MF,2,111,Algeria
Luca Zidane,GK,dz Algeria,28,2.es Granada,1998,3,3,270,3.0,0,0,0,0,0,0,0,0,0.0,0.0,0.0,0.0,0.0,c818c4d9,28.0,GK,3,270,Algeria
Mostafa Ziko,FWMF,eg Egypt,29,1.eg Pyramids FC,1997,5,5,370,4.1,2,1,3,2,0,0,0,0,0.49,0.24,0.73,0.49,0.73,68ff8437,29.0,FW,5,370,Egypt
Martin Ødegaard,MF,no Norway,27,1.eng Arsenal,1998,5,5,470,5.2,0,4,4,0,0,0,0,0,0.0,0.77,0.77,0.0,0.77,79300479,27.0,MF,5,470,Norway
Leo Østigård,DF,no Norway,26,1.it Genoa,1999,5,1,146,1.6,1,0,1,1,0,0,0,0,0.62,0.0,0.62,0.62,0.62,b35a7399,26.0,DF,1,146,Norway
